[{"state":"PA","county":"Adams County","address":"117 Baltimore Street\nGettysburg, PA 17325-2313","phone":"(717) 337-9832","date verified":"2020-08-16"},{"state":"PA","county":"Allegheny County","address":"542 Forbes Ave., Suite 604\nPittsburgh, PA 15219-2953","phone":"(412) 350-4500","date verified":"2020-08-16","Website":"https://www.alleghenycounty.us/elections/contact/contact.aspx","Hours of Operation":"NA"},{"state":"PA","county":"Armstrong County","address":"Courthouse Administration Building\n450 Market Street, Suite 207\nKittanning, PA 16201","phone":"(724) 548-3222","date verified":"2020-09-08","Website":"https://www.co.armstrong.pa.us/index.php/departments-m/elections-voters-registration-m","Hours of Operation":"NA"},{"state":"PA","county":"Beaver County","address":"810 Third St.\nBeaver, PA 15009","phone":"(724) 770-4440","date verified":"2020-08-16"},{"state":"PA","county":"Bedford County","address":"200 S. Juliana Street\nBedford, PA 15522","phone":"(814) 623-4807","date verified":"2020-08-16","Website":"http://www.bedfordcountypa.org/departments/elections/election_applications.php","Hours of Operation":"The Bedford County Courthouse is open Monday-Friday 8:30 a.m. to 4:30 p.m. and Closed on Holidays."},{"state":"PA","county":"Berks County","address":"633 Court St., 1st Floor\nReading, PA 19601","phone":"(610) 478-6490","date verified":"2020-08-16"},{"state":"PA","county":"Blair County","address":"423 Allegheny St., Suite 047\nHollidaysburg, PA 16648-9978","phone":"(814) 693-3150","date verified":"2020-08-16"},{"state":"PA","county":"Bradford County","address":"6 Court St., Ste. 2\nTowanda, PA 18848","phone":"(570) 265-1717","date verified":"2020-08-16","Website":"https://bradfordcountypa.org/department/elections/","Hours of Operation":"Monday-Friday\n9:00 AM to 5:00 PM"},{"state":"PA","county":"Bucks County","address":"55 E. Court St.\nDoylestown, PA 18901","phone":"(215) 348-6154","date verified":"2020-08-16"},{"state":"PA","county":"Butler County","address":"124 W Diamond Street\nFloor LL\nButler, PA 16003","phone":"(724) 284-5308","date verified":"2020-09-08","Website":"https://www.butlercountypa.gov/160/Bureau-of-Elections","Interesting fact outside scope":"General election information coming sooner","Hours of Operation":"NA"},{"state":"PA","county":"Cambria County","address":"200 S. Center St.\nEbensburg, PA 15931","phone":"(814) 472-1464","date verified":"2020-09-08","Website":"https://www.cambriacountypa.gov/election-and-voter-registration.aspx","Interesting fact outside scope":"***CAMBRIA COUNTY WILL NOT HAVE DROP OFF BOXES***","Hours of Operation":"Monday - Friday\n9 a.m. to 4 p.m."},{"state":"PA","county":"Cameron County","address":"20 E. 5th St.\nEmporium, PA 15834","phone":"(814) 486-2315","date verified":"2020-08-16","Website":"NA","Interesting fact outside scope":"possible universal source: http://www.cameroncountypa.com/PADOS_MailinApplication.pdf"},{"state":"PA","county":"Carbon County","address":"76 Susquehanna St., PO Box 170\nJim Thorpe, PA 18229","phone":"(570) 325-4801","date verified":"2020-08-16","Website":"https://www.carboncounty.com/index.php/2-uncategorised/60-elections","Interesting fact outside scope":"No Address","Hours of Operation":"Office hours are 8:30 a.m. to 4:30 p.m. except election days which we are open from 6:00 a.m. until all election materials are returned from the polling places and votes are tallied. These are the salient deadlines for this office."},{"state":"PA","county":"Centre County","address":"420 Holmes St.\nBellefonte, PA 16823-1488","phone":"(814) 355-6703","date verified":"2020-08-16","Website":"http://centrecountypa.gov/238/Elections-Voter-Registration","Hours of Operation":"Monday through Friday\n8:30 a.m. to 5 p.m."},{"state":"PA","county":"Chester County","address":"601 Westtown Rd., Ste. 150\nPO Box 2747\nWest Chester, PA 19380-0990","phone":"(610) 344-6410","date verified":"2020-08-16","Website":"https://www.chesco.org/156/Voter-Services","Hours of Operation":"NA"},{"state":"PA","county":"Clarion County","address":"330 Main Street\nRm 104\nClarion, PA 16214","phone":"(814) 226-4000","date verified":"2020-08-16"},{"state":"PA","county":"Clearfield County","address":"212 E Locust St.\nClearfield, PA 16830","phone":"(814) 765-2642","date verified":"2020-09-08","Website":"https://clearfieldco.org/election-central/","Hours of Operation":"Monday - Friday\n8:30am - 4pm"},{"state":"PA","county":"Clinton County","address":"2 Piper Way, Suite 309\nLock Haven, PA 17745-0928","phone":"(570) 893-4019","date verified":"2020-09-08","Website":"https://www.clintoncountypa.com/departments/voter-registration","Hours of Operation":"8:00am - 5:00pm (Monday, Tuesday, Thursday, Friday)\n8:00am - 12:30pm (Wednesday)"},{"state":"PA","county":"Columbia County","address":"11 W. Main Street\nBloomsburg, PA 17815-0380","phone":"(570) 389-5640","date verified":"2020-09-08","Website":"http://www.columbiapa.org/voter/","Hours of Operation":"NA"},{"state":"PA","county":"Crawford County","address":"903 Diamond Park\nMeadville, PA 16335","phone":"(814) 333-7307","date verified":"2020-09-08","Website":"https://www.crawfordcountypa.net/VoterServices/Pages/home.aspx","Hours of Operation":"Monday - Friday 8:30 AM to 4:30 PM"},{"state":"PA","county":"Cumberland County","address":"1601 Ritner Highway\nCarlisle, PA 17013","phone":"(717) 240-6385","date verified":"2020-09-08","Website":"https://www.ccpa.net/66/Bureau-of-Elections","Hours of Operation":"Monday - Friday\n8 a.m. - 4:30 p.m."},{"state":"PA","county":"Dauphin County","address":"Dauphin County Administration Building (first floor)\n2 South 2nd Street\nHarrisburg, PA  17101","phone":"(717) 780-6360","date verified":"2020-09-08","Website":"https://www.dauphincounty.org/government/departments/elections_and_voter_registration/index.php","Hours of Operation":"NA"},{"state":"PA","county":"Delaware County","address":"201 W. Front St.\nGovernment Center Bldg.\nMedia, PA 19063","phone":"(610) 891-4673","date verified":"2020-09-08","Website":"https://www.delcopa.gov/electionsbureau/absenteevoting.html","Hours of Operation":"NA"},{"state":"PA","county":"Elk County","address":"300 Center St., P.O. Box 448\nRidgway, PA 15853-0448","phone":"(814) 776-5337","date verified":"2020-09-08","Website":"http://www.co.elk.pa.us/index.php/contact-info","Interesting fact outside scope":"PO Box for Election official; however, link to polling places: http://www.co.elk.pa.us/index.php/elk-county-polling-locations","Hours of Operation":"Monday thru Friday 8:30 - 4:00\nClosed weekends and holidays"},{"state":"PA","county":"Erie County","address":"140 W. 6th St., Rm. 112\nErie, PA 16501","phone":"(814) 451-6276","date verified":"2020-09-08","Website":"https://eriecountypa.gov/departments/elections-voting/registration-and-voting/mail-in-and-absentee-ballots/","Interesting fact outside scope":"three options under returning you ballot: Mail your ballot – using the provided postage paid envelope. Be sure to complete the Voters declaration.\nUse the secure drop box, located in front of the Erie County Courthouse. The drop box is available 24/7. Be sure to complete the Voters declaration.\nHand deliver your ballot to the Voters Registration office. Be sure to complete the Voters declaration.","Hours of Operation":"The drop box is open 24/7. Contact the voter registeration office for hours"},{"state":"PA","county":"Fayette County","address":"22 E. Main St.\nUniontown, PA 15401-3412","phone":"(724) 430-1289","date verified":"2020-09-08","Website":"https://www.fayettecountypa.org/236/Election-Board","Hours of Operation":"Monday - Friday\n8 a.m. - 4:30 p.m."},{"state":"PA","county":"Forest County","address":"526 Elm St. - Unit #3\nTionesta, PA 16353","phone":"(814) 755-3537","date verified":"2020-09-08","Website":"http://www.co.forest.pa.us/departments/elections_and_voter_regisration.php","Hours of Operation":"8:00 am until 4:00 pm, Monday through Friday."},{"state":"PA","county":"Franklin County","address":"Old Courthouse\n2 N Main Street\nChambersburg, PA 17201","phone":"(717) 261-3810","date verified":"2020-09-08","Website":"https://www.franklincountypa.gov/index.php?section=governments_voter-registration","Hours of Operation":"Monday to Friday 8:30am - 4:30pm\nClosed on weekends and all county observed holidays"},{"state":"PA","county":"Fulton County","address":"116 W. Market St., Ste 205\nMcConnellsburg, PA 17233","phone":"(717) 485-6864","date verified":"2020-09-08","Website":"https://www.co.fulton.pa.us/elections.php","Hours of Operation":"Monday - Friday, 8:00am - 4:30pm"},{"state":"PA","county":"Greene County","address":"93 E. High St.\nWaynesburg, PA 15370","phone":"(724) 852-5304","date verified":"2020-09-08","Website":"https://www.co.greene.pa.us/Department-Elections-Voter-Registration","Hours of Operation":"Monday - Friday, 8:30AM to 4:30 PM"},{"state":"PA","county":"Huntingdon County","address":"223 Penn St. - Courthouse\nHuntingdon, PA 16652","phone":"(814) 643-3091","date verified":"2020-08-16"},{"state":"PA","county":"Indiana County","address":"825 Philadelphia St.\nIndiana, PA 15701-3934","phone":"(724) 465-3805","date verified":"2020-09-08","Website":"https://www.indianacountypa.gov/departments/voting-and-elections/elections/","Hours of Operation":"8:30 a.m. to 4 p.m.\nMonday through Friday"},{"state":"PA","county":"Jefferson County","address":"155 Main Street, 2nd Floor, Brookville, PA 15825","phone":"(814) 849-1603","date verified":"2020-09-08","Website":"http://www.jeffersoncountypa.com/departments/","Hours of Operation":"NA"},{"state":"PA","county":"Juniata County","address":"The Bousum Building, 26 N. Main Street, Mifflintown","phone":"(717) 436-7706","date verified":"2020-09-08","Website":"https://www.juniataco.org/departments/voter-registration/","Hours of Operation":"Courthouse Office hours are 8:00 A.M. to 4:30 P.M. Monday through Friday"},{"state":"PA","county":"Lackawanna County","address":"123 Wyoming Ave., 2nd Floor\nScranton, PA 18503","phone":"(570) 963-6737","date verified":"2020-08-16"},{"state":"PA","county":"Lancaster County","address":"150 N. Queen St., Ste 117\nLancaster, PA 17603","phone":"(717) 299-8293","date verified":"2020-09-08","Website":"https://co.lancaster.pa.us/1282/Mail-in-Ballot-Voting","Interesting fact outside scope":"two addresses, one for mail and for drop in in Voting Your Mail-in Ballot","Hours of Operation":"Hours: Monday - Friday 8:30 a.m. - 5 p.m."},{"state":"PA","county":"Lawrence County","address":"430 Court St.\nNew Castle, PA 16101-3593","phone":"(724) 656-2161","date verified":"2020-09-08","Website":"http://co.lawrence.pa.us/departments/voter-registration-and-elections-lawrence_county/","Interesting fact outside scope":"address of voter services","Hours of Operation":"NA"},{"state":"PA","county":"Lebanon County","address":"400 South 8th Street\nLebanon, PA 17042","phone":"(717) 228-4428","date verified":"2020-08-16"},{"state":"PA","county":"Lehigh County","address":"17 S. 7th St.\nAllentown, PA 18101","phone":"(610) 782-3194","date verified":"2020-09-08","Website":"https://www.lehighcounty.org/Departments/Voter-Registration/Voter-Office-Information","Interesting fact outside scope":"8:00 p.m. on Tuesday, November 3, 2020, for the General Election.","Hours of Operation":"Business Hours: 8:00 a.m. to 4:00 p.m.   Monday through Friday."},{"state":"PA","county":"Luzerne County","address":"20 N Pennsylvania Avenue\nWilkes-Barre, PA 18701","phone":"(570) 825-1715","date verified":"2020-09-08","Website":"https://www.luzernecounty.org/396/Elections","Hours of Operation":"Monday - Friday\n9 a.m. - 4 :30 p.m."},{"state":"PA","county":"Lycoming County","address":"Office Location:\nThird Street Plaza\n33 West Third Street, Williamsport, PA 17701\n \nMailing Address:\n48 West Third Street, Williamsport, PA 17701","phone":"(570) 327-2267","date verified":"2020-09-08","Website":"http://www.lyco.org/Departments/Voter-Services","Interesting fact outside scope":"2 addreses, one for mailing, one for office","Hours of Operation":"Monday-Friday, 8:30am-5:00pm\nClosed weekends and major holidays"},{"state":"PA","county":"McKean County","address":"500 W. Main St.\nSmethport, PA 16749","phone":"(814) 887-3203","date verified":"2020-08-16","Interesting fact outside scope":"Couldnt find"},{"state":"PA","county":"Mercer County","address":"5 Courthouse\nMercer, PA 16137","phone":"(724) 662-7542","date verified":"2020-09-08","Website":"https://www.mcc.co.mercer.pa.us/Election/default.HTM","Hours of Operation":"Monday ~ Friday\n8:30 am - 4:30 pm\nExcept Holidays"},{"state":"PA","county":"Mifflin County","address":"20 N. Wayne St.\nLewistown, PA 17044","phone":"(717) 248-6571","date verified":"2020-09-08","Website":"http://www.co.mifflin.pa.us/dept/VoterReg/Pages/default.aspx","Hours of Operation":"Hours: 8:00am - 4:00pm\nMonday thru Friday"},{"state":"PA","county":"Monroe County","address":"One Quaker Plaza, Rm. 105\nStroudsburg, PA 18360","phone":"(570) 517-3165","date verified":"2020-09-08","Website":"http://www.monroecountypa.gov/Dept/Voter/Pages/default.aspx","Interesting fact outside scope":"Ballots can be mailed using the US Postal Service (give 5-7 days for delivery) or ballots can\rbe returned by the voter to the Monroe County Election and Voter Registration Office. NO DROP BOX","Hours of Operation":"Hours: 8:30 AM to 4:30 PM\nMonday-Friday"},{"state":"PA","county":"Montgomery County","address":"Montgomery County Voter Services\nOne Montgomery Plaza\n425 Swede St.\nSuite 602\nNorristown, PA 19401","phone":"(610) 278-3275","date verified":"2020-09-08","Website":"https://www.montcopa.org/753/Voter-Services","Interesting fact outside scope":"You can ALWAYS drop your ballot off at our office at 425 Swede St in Norristown. We are planning to set up drop boxes throughout the county for the General Election. Follow us on social media or continue to check our website for updates!","Hours of Operation":"Monday - Friday\n8:00 AM - 4:30 PM"},{"state":"PA","county":"Montour County","address":"253 Mill Street\nDanville, PA 17821","phone":"(570) 271-3000","date verified":"2020-09-08","Website":"http://www.montourco.org/Pages/ElectionsAndVoterRegistration.aspx","Hours of Operation":"9:00 a.m.-4:00 p.m."},{"state":"PA","county":"Northampton County","address":"669 Washington St., Room 1211\nEaston, PA 18042-4101","phone":"(610) 829-6260","date verified":"2020-09-08","Website":"https://www.northamptoncounty.org/CTYADMN/ELECTNS/Pages/About-Us.aspx","Hours of Operation":"8:30 a.m. - 4:30 p.m."},{"state":"PA","county":"Northumberland County","address":"320 North Second Street,Suite 1\nSunbury, PA 17801","phone":"(570) 988-4209","date verified":"2020-09-08","Website":"https://www.norrycopa.net/index.php/board-of-elections/","Interesting fact outside scope":"Building C","Hours of Operation":"Mon.   9:00a – 5:00p\nTues. – Fri.  9:00a – 4:30p"},{"state":"PA","county":"Perry County","address":"P.O. Box 37\nNew Bloomfield, PA 17068","phone":"(717) 582-2131","date verified":"2020-08-16"},{"state":"PA","county":"Philadelphia County","address":"Philadelphia County Board of Elections\nCity Hall Room 142\n1400 John F Kennedy Blvd\nPhiladelphia, PA 19107","phone":"(215) 686-3469","date verified":"2020-09-08","Website":"https://www.philadelphiavotes.com/en/voters/mail-in-and-absentee-ballots","Interesting fact outside scope":"Due to the ongoing COVID-19 Pandemic, all City of Philadelphia Offices will remain closed to the Public until further notice.","Hours of Operation":"Due to the ongoing COVID-19 Pandemic, all City of Philadelphia Offices will remain closed to the Public until further notice."},{"state":"PA","county":"Pike County","address":"506 Broad St.\nPike County Administration Building\nMilford, PA 18337-1535","phone":"(570) 296-3426","date verified":"2020-09-08","Website":"http://www.pikepa.org/elections","Hours of Operation":"M-F 8:30 - 4:30"},{"state":"PA","county":"Potter County","address":"1 N. Main St.\nCoudersport, PA 16915","phone":"(814) 274-8467","date verified":"2020-09-08","Website":"https://pottercountypa.net/post.php?pid=8","Hours of Operation":"NA"},{"state":"PA","county":"Schuylkill County","address":"420 N. Centre St.\nPottsville, PA 17901","phone":"(570) 628-1467","date verified":"2020-09-08","Website":"http://www.co.schuylkill.pa.us/Offices/Election/index.asp","Hours of Operation":"NA"},{"state":"PA","county":"Snyder County","address":"9 West Market St., P.O. Box 217\nMiddleburg, PA 17842","phone":"(570) 837-4286","date verified":"2020-09-08","Website":"http://www.snydercounty.org/Depts/Elections/Pages/ElectionsandVoterRegistration.aspx","Interesting fact outside scope":"2 addresses, one with PO BOx","Hours of Operation":"NA"},{"state":"PA","county":"Somerset County","address":"300 N. Center Ave., Ste. 340\nSomerset, PA 15501","phone":"(814) 445-1549","date verified":"2020-09-08","Website":"http://www.co.somerset.pa.us/department.asp?deptnum=90","Hours of Operation":"Monday-Friday\n8:30AM-4:00PM\nExcept on Legal Holidays"},{"state":"PA","county":"Sullivan County","address":"P.O. Box 157\nMain & Muncy Streets\nLaporte, PA 18626-0157","phone":"(570) 946-5201","date verified":"2020-08-16","Interesting fact outside scope":"No county website but address listed on votespa"},{"state":"PA","county":"Susquehanna County","address":"P.O. Box 218\n31 Lake Ave.\nMontrose, PA 18801","phone":"(570) 278-4600 x 4090","date verified":"2020-09-08","Website":"http://susqco.com/Dept/Voter/Pages/default.aspx","Interesting fact outside scope":"PO Box address","Hours of Operation":"Mon-Fri 8:30-4:30"},{"state":"PA","county":"Tioga County","address":"118 Main St.\nWellsboro, PA 16901","phone":"(570) 723-8230","date verified":"2020-09-08","Website":"http://www.tiogacountypa.us/Departments/Elections_Voter_Registration/Pages/ElectionsVoterRegistration.aspx","Hours of Operation":"Monday thru Friday   9:00 A.M. - 4:30 P.M."},{"state":"PA","county":"Union County","address":"155 North 15th St.\nLewisburg, PA 17837-8822","phone":"(570) 524-8603","date verified":"2020-09-08","Website":"https://www.unioncountypa.org/departments/elections-voter-registration/absentee-ballot-information/page.aspx?id=1309","Hours of Operation":"Hours: 8:00 AM - 4:30 PM"},{"state":"PA","county":"Venango County","address":"1174 Elk Street\nCourthouse Annex, 2nd Floor\nFranklin, PA 16323","phone":"(814) 432-9508","date verified":"2020-09-08","Website":"https://www.co.venango.pa.us/356/Voter-Registration-Election-Services","Interesting fact outside scope":"USe the address listed as physical address","Hours of Operation":"Monday - Friday\n8:30 am - 4:30 pm\nExcept legal holidays"},{"state":"PA","county":"Warren County","address":"204 4th Ave.\nWarren, PA 16365","phone":"(814) 728-3406","date verified":"2020-08-16","Interesting fact outside scope":"Unreachable"},{"state":"PA","county":"Washington County","address":"Courthouse Square\n100 W. Beau St., Suite 206\nWashington, PA 15301","phone":"(724) 228-6750","date verified":"2020-09-08","Website":"http://www.co.washington.pa.us/129/Elections","Hours of Operation":"NA"},{"state":"PA","county":"Wayne County","address":"925 Court St.\nHonesdale, PA 18431","phone":"(570) 253-5978","date verified":"2020-09-08","Website":"http://waynecountypa.gov/203/Home","Hours of Operation":"NA"},{"state":"PA","county":"Westmoreland County","address":"2 N. Main St.\nGreensburg, PA 15601","phone":"(724) 830-3150","date verified":"2020-09-08","Website":"https://www.co.westmoreland.pa.us/251/Elections","Hours of Operation":"NA"},{"state":"PA","county":"Wyoming County","address":"1 Courthouse Square\nTunkhannock, PA 18657","phone":"(570) 996-2226","date verified":"2020-09-08","Website":"http://www.wycopa.org/Offices/ElectVoter/Pages/default.aspx","Hours of Operation":"Monday through Friday, 8:30 AM to 4:00 PM"},{"state":"PA","county":"York County","address":"28 E. Market St.\nYork, PA 17401","phone":"(717) 771-9604","date verified":"2020-09-08","Website":"https://yorkcountypa.gov/voting-elections.html","Hours of Operation":"Hours: 8 a.m. to 4:30 p.m."}]
