[
  {
    "state": "Pennsylvania",
    "state_abbreviation": "PA",
    "county": "Adams County",
    "zip": 17325,
    "name": "Adams County-County Election Office",
    "address": "117 Baltimore Street",
    "city": "Gettysburg",
    "schedule": "Monday - Friday 8am-4:30pm\nElection day dropoff from 8:00 am - 8:00 pm",
    "notes": "Dropoff located inside the lobby",
    "phone": "(717) 337-9832",
    "type": "clerk",
    "latitude": 39.8293,
    "longitude": -77.2316
  },
  {
    "state": "Pennsylvania",
    "state_abbreviation": "PA",
    "county": "Allegheny County",
    "zip": 15219,
    "name": "County Office Building",
    "address": "542 Forbes Ave, 6th Floor",
    "city": "Pittsburgh",
    "schedule": "10/26-11/2: 8am-8pm\n11/3: 7am-8pm",
    "notes": "6th floor",
    "phone": "(412) 350-4500",
    "type": "clerk",
    "latitude": 40.4379,
    "longitude": -79.9958
  },
  {
    "state": "Pennsylvania",
    "state_abbreviation": "PA",
    "county": "Armstrong County",
    "zip": 16201,
    "name": "Armstrong County-Drop Box",
    "address": "450 East Market St., 1st floor",
    "city": "Kittanning",
    "schedule": "8:00 AM to 4:30 PM Monday - Friday from now until Election Day.\n(extended hours to 8 PM on Election Day, November 3)",
    "notes": "Black box in the lobby of the administration building (right of county court office)",
    "phone": "(724) 548-3222",
    "type": "dropbox",
    "latitude": 40.8158,
    "longitude": -79.5164
  },
  {
    "state": "Pennsylvania",
    "state_abbreviation": "PA",
    "county": "Beaver County",
    "zip": 15009,
    "name": "Beaver County-County Election Office",
    "address": "810 Third St. ",
    "city": "Beaver",
    "schedule": "Monday - Friday 8:30am - 4:30pm\n11/3: Dropbox open 7 am - 8pm",
    "phone": "(724) 770-4440",
    "type": "clerk",
    "latitude": 40.6947,
    "longitude": -80.3085
  },
  {
    "state": "Pennsylvania",
    "state_abbreviation": "PA",
    "county": "Bedford County",
    "zip": 15522,
    "name": "Bedford County-County Election Office",
    "address": "200 S. Juliana Street",
    "city": "Bedford",
    "schedule": "11/2:8:30am - 4:30pm\nOffice Open 6 a.m. to 8 p.m. on Election Day",
    "phone": "(814) 623-4807",
    "type": "clerk",
    "latitude": 40.017,
    "longitude": -78.5044
  },
  {
    "state": "Pennsylvania",
    "state_abbreviation": "PA",
    "county": "Bedford County",
    "zip": 15522,
    "name": "Bedford County-Drop Box",
    "address": "200 S. Juliana Street",
    "city": "Bedford",
    "schedule": "24 x 7 until 8pm on Election Day",
    "phone": "(814) 623-4807",
    "type": "dropbox",
    "latitude": 40.017,
    "longitude": -78.5044
  },
  {
    "state": "Pennsylvania",
    "state_abbreviation": "PA",
    "county": "Berks County",
    "zip": 19601,
    "name": "Berks County-County Election Office",
    "address": "633 Court St",
    "city": "Reading",
    "schedule": "Monday - Friday 8am-5pm",
    "phone": "(610) 478-6490",
    "type": "clerk",
    "latitude": 40.3365,
    "longitude": -75.9243
  },
  {
    "state": "Pennsylvania",
    "state_abbreviation": "PA",
    "county": "Berks County",
    "zip": 19601,
    "name": "Berks County-Drop Box",
    "address": "633 Court Street, Main Entrance Lobby off of Reed Street",
    "city": "Reading",
    "schedule": "Monday, Nov. 2: 8 AM - 5 PM\nELECTION DAY, Tue. November 3: 8AM - 8PM",
    "phone": "(610) 478-6490",
    "type": "dropbox",
    "latitude": 40.3365,
    "longitude": -75.9243
  },
  {
    "state": "Pennsylvania",
    "state_abbreviation": "PA",
    "county": "Berks County",
    "zip": 19533,
    "name": "Berks Agricultural Center",
    "address": "1238 County Welfare Rd",
    "city": "Leesport",
    "schedule": "Monday, Nov. 2: 8 AM - 5 PM\nELECTION DAY, Tue. November 3: 8AM - 8PM",
    "phone": "(610) 478-6490",
    "type": "dropbox",
    "latitude": 40.3825,
    "longitude": -76.0143
  },
  {
    "state": "Pennsylvania",
    "state_abbreviation": "PA",
    "county": "Blair County",
    "zip": 16648,
    "name": "Blair County Courthouse",
    "address": "423 Allegheny St., Suite 047",
    "city": "Hollidaysburg",
    "schedule": "Drop Box available 8 am - 4pm 11/2 (front entrance) and 7 am - 8pm 11/3 at the Union Street entrance.",
    "phone": "(814) 693-3150",
    "type": "clerk",
    "latitude": 40.4302,
    "longitude": -78.3924
  },
  {
    "state": "Pennsylvania",
    "state_abbreviation": "PA",
    "county": "Bradford County",
    "zip": 18848,
    "name": "Bradford County-County Election Office",
    "address": "6 Court St., Ste. 2",
    "city": "Towanda",
    "schedule": "Located in an annex behind the courthouse (no drop box have to bring it inside)\n8 AM - 5 PM Monday 11/2 \n7 AM - 8 PM Tuesday 11/3",
    "notes": "Located in an annex behind the courthouse (no drop box have to bring it inside)",
    "phone": "(570) 265-1717",
    "type": "clerk",
    "latitude": 41.7669,
    "longitude": -76.4423
  },
  {
    "state": "Pennsylvania",
    "state_abbreviation": "PA",
    "county": "Bucks County",
    "zip": 18901,
    "name": "Bucks County Administration Building",
    "address": "55 East Court St, 2nd floor",
    "city": "Doylestown",
    "schedule": "11/2: 8am-7pm\n11/3: 8am-8pm",
    "phone": "(215) 348-6154",
    "type": "dropbox",
    "latitude": 40.3123,
    "longitude": -75.1298
  },
  {
    "state": "Pennsylvania",
    "state_abbreviation": "PA",
    "county": "Bucks County",
    "zip": 19055,
    "name": "Lower Bucks Government Services Center",
    "address": "7321 New Falls Road",
    "city": "Levittown",
    "schedule": "11/2: 8am-7pm\n11/3: 8am-8pm",
    "phone": "(215) 348-6154",
    "type": "dropbox",
    "latitude": 40.1573,
    "longitude": -74.8544
  },
  {
    "state": "Pennsylvania",
    "state_abbreviation": "PA",
    "county": "Bucks County",
    "zip": 18951,
    "name": "Government Service Center",
    "address": "261 California Rd",
    "city": "Quakertown",
    "schedule": "11/2: 8am-7pm\n11/3: 8am-8pm",
    "phone": "(215) 348-6154",
    "type": "dropbox",
    "latitude": 40.4506,
    "longitude": -75.3523
  },
  {
    "state": "Pennsylvania",
    "state_abbreviation": "PA",
    "county": "Butler County",
    "zip": 16001,
    "name": "Butler County-County Election Office",
    "address": "124 West Diamond St",
    "city": "Butler",
    "schedule": "8:30 a.m. to 6 p.m. Monday, November 2nd.",
    "notes": "Right inside the entrance you don't have to go all the way inside",
    "phone": "(724) 284-5308",
    "type": "clerk",
    "latitude": 40.8585,
    "longitude": -79.8958
  },
  {
    "state": "Pennsylvania",
    "state_abbreviation": "PA",
    "county": "Cambria County",
    "zip": 15931,
    "name": "Cambria County-County Election Office",
    "address": "200 S. Center St.",
    "city": "Ebensburg",
    "schedule": "11/2: open until 4pm\n11/3: open 7am - 8pm\nOffice in the basement",
    "notes": "Office in basement open",
    "phone": "(814) 472-1464",
    "type": "clerk",
    "latitude": 40.484,
    "longitude": -78.7246
  },
  {
    "state": "Pennsylvania",
    "state_abbreviation": "PA",
    "county": "Cameron County",
    "zip": 15834,
    "name": "Cameron County-County Election Office",
    "address": "20 E. 5th St.",
    "city": "Emporium",
    "schedule": "Monday - Friday 8:30am - 4:00pm",
    "phone": "(814) 486-9321",
    "type": "clerk",
    "latitude": 41.5132,
    "longitude": -78.2364
  },
  {
    "state": "Pennsylvania",
    "state_abbreviation": "PA",
    "county": "Cameron County",
    "zip": 15834,
    "name": "Cameron County Courthouse - East Entrance",
    "address": "20 E. 5th St.",
    "city": "Emporium",
    "schedule": "24/7 until 8pm on Election Day",
    "phone": "(814) 486-9321",
    "type": "dropbox",
    "latitude": 41.5132,
    "longitude": -78.2364
  },
  {
    "state": "Pennsylvania",
    "state_abbreviation": "PA",
    "county": "Carbon County",
    "zip": 18229,
    "name": "Carbon County-County Election Office",
    "address": "76 Susquehanna St.",
    "city": "Jim Thorpe",
    "schedule": "Monday - Friday 8:30am - 4:30pm",
    "phone": "(570) 325-4801",
    "type": "clerk",
    "latitude": 40.8618,
    "longitude": -75.7385
  },
  {
    "state": "Pennsylvania",
    "state_abbreviation": "PA",
    "county": "Carbon County",
    "zip": 18229,
    "name": "Carbon County-Drop Box",
    "address": "76 Susquehanna St.",
    "city": "Jim Thorpe",
    "schedule": "24/7 until 8pm on Election Day",
    "phone": "(570) 325-4801",
    "type": "dropbox",
    "latitude": 40.8618,
    "longitude": -75.7385
  },
  {
    "state": "Pennsylvania",
    "state_abbreviation": "PA",
    "county": "Centre County",
    "zip": 16823,
    "name": "Willowbank Office Building",
    "address": "420 Holmes Street",
    "city": "Bellefonte",
    "schedule": "24/7 until 8pm on Election Day",
    "phone": "(814) 355-6703",
    "type": "dropbox",
    "latitude": 40.9065,
    "longitude": -77.7821
  },
  {
    "state": "Pennsylvania",
    "state_abbreviation": "PA",
    "county": "Centre County",
    "zip": 16803,
    "name": "Patton Twp Municipal Building",
    "address": "100 Patton Plaza",
    "city": "State College",
    "schedule": "24/7 until 8pm on Election Day",
    "phone": "(814) 355-6703",
    "type": "dropbox",
    "latitude": 40.8123,
    "longitude": -77.92
  },
  {
    "state": "Pennsylvania",
    "state_abbreviation": "PA",
    "county": "Centre County",
    "zip": 16801,
    "name": "Ferguson Twp Municpal Building",
    "address": "3147 Research Drive",
    "city": "State College",
    "schedule": "24/7 until 8pm on Election Day",
    "phone": "(814) 355-6703",
    "type": "dropbox",
    "latitude": 40.7624,
    "longitude": -77.8745
  },
  {
    "state": "Pennsylvania",
    "state_abbreviation": "PA",
    "county": "Centre County",
    "zip": 16801,
    "name": "State College Borough Municipal Building",
    "address": "243 South Allen Street",
    "city": "State College",
    "schedule": "24/7 until 8pm on Election Day",
    "phone": "(814) 355-6703",
    "type": "dropbox",
    "latitude": 40.7928,
    "longitude": -77.8586
  },
  {
    "state": "Pennsylvania",
    "state_abbreviation": "PA",
    "county": "Centre County",
    "zip": 16823,
    "name": "Spring Twp Municipal Building",
    "address": "1309 Blanchard Street",
    "city": "Bellefonte",
    "schedule": "24/7 until 8pm on Election Day",
    "phone": "(814) 355-6703",
    "type": "dropbox",
    "latitude": 40.891,
    "longitude": -77.7465
  },
  {
    "state": "Pennsylvania",
    "state_abbreviation": "PA",
    "county": "Centre County",
    "zip": 16866,
    "name": "Phillipsburg MDJ Office",
    "address": "118 Enterprise Drive",
    "city": "Philipsburg",
    "schedule": "24/7 until 8pm on Election Day",
    "phone": "(814) 355-6703",
    "type": "dropbox",
    "latitude": 40.8908,
    "longitude": -78.191
  },
  {
    "state": "Pennsylvania",
    "state_abbreviation": "PA",
    "county": "Centre County",
    "zip": 16828,
    "name": "Centre Hall MDJ Office",
    "address": "2795 Earlystown Road",
    "city": "Centre Hall",
    "schedule": "Monday-Friday beginning October 7 8:30am-5:30pm",
    "phone": "(814) 355-6703",
    "type": "dropbox",
    "latitude": 40.8313,
    "longitude": -77.6808
  },
  {
    "state": "Pennsylvania",
    "state_abbreviation": "PA",
    "county": "Centre County",
    "zip": 16802,
    "name": "HUB - Robeson Center",
    "address": "100 Pollock Rd",
    "city": "University Park",
    "schedule": "24/7 until 8pm on Election Day",
    "phone": "(814) 355-6703",
    "type": "dropbox",
    "latitude": 40.7961,
    "longitude": -77.8648
  },
  {
    "state": "Pennsylvania",
    "state_abbreviation": "PA",
    "county": "Chester County",
    "zip": 19382,
    "name": "Government Services Center",
    "address": "601 Westtown Rd",
    "city": "West Chester",
    "schedule": "M, Tue, Thurs, Fri: 8:30am-4:30pm\nWed: 8:30am-7pm\nSat: 9am-1pm",
    "phone": "(610) 344-6410",
    "type": "clerk",
    "latitude": 39.9598,
    "longitude": -75.5837
  },
  {
    "state": "Pennsylvania",
    "state_abbreviation": "PA",
    "county": "Chester County",
    "zip": 19390,
    "name": "Avon Grove Library",
    "address": "117 Roshill Ave",
    "city": "West Grove",
    "schedule": "Mon-Fri: 9am -7pm\nSat-Sun: 10am-2pm\nElection Day (11/3/2020) from 7:00AM  until 8:00pm",
    "phone": "(610) 344-6410",
    "type": "dropbox",
    "latitude": 39.8225,
    "longitude": -75.8254
  },
  {
    "state": "Pennsylvania",
    "state_abbreviation": "PA",
    "county": "Chester County",
    "zip": 19341,
    "name": "Chester County Library",
    "address": "450 Exton Square Parkway",
    "city": "Exton",
    "schedule": "Mon-Fri: 9am -7pm\nSat-Sun: 10am-2pm\nElection Day (11/3/2020) from 7:00AM  until 8:00pm",
    "phone": "(610) 344-6410",
    "type": "dropbox",
    "latitude": 40.0321,
    "longitude": -75.6207
  },
  {
    "state": "Pennsylvania",
    "state_abbreviation": "PA",
    "county": "Chester County",
    "zip": 19320,
    "name": "Coatesville Area Public Library",
    "address": "501 Lincoln Hwy E",
    "city": "Coatesville",
    "schedule": "Mon-Fri: 9am -7pm\nSat-Sun: 10am-2pm\nElection Day (11/3/2020) from 7:00AM  until 8:00pm",
    "phone": "(610) 344-6410",
    "type": "dropbox",
    "latitude": 39.9845,
    "longitude": -75.8159
  },
  {
    "state": "Pennsylvania",
    "state_abbreviation": "PA",
    "county": "Chester County",
    "zip": 19335,
    "name": "Downingtown Library",
    "address": "122 Wallace Ave",
    "city": "Downingtown",
    "schedule": "Mon-Fri: 9am -7pm\nSat-Sun: 10am-2pm\nElection Day (11/3/2020) from 7:00AM  until 8:00pm",
    "phone": "(610) 344-6410",
    "type": "dropbox",
    "latitude": 40.0104,
    "longitude": -75.7042
  },
  {
    "state": "Pennsylvania",
    "state_abbreviation": "PA",
    "county": "Chester County",
    "zip": 19312,
    "name": "Easttown Library and Information Center",
    "address": "720 First Ave",
    "city": "Berwyn",
    "schedule": "Mon-Fri: 9am -7pm\nSat-Sun: 10am-2pm\nElection Day (11/3/2020) from 7:00AM  until 8:00pm",
    "phone": "(610) 344-6410",
    "type": "dropbox",
    "latitude": 40.0441,
    "longitude": -75.4414
  },
  {
    "state": "Pennsylvania",
    "state_abbreviation": "PA",
    "county": "Chester County",
    "zip": 19344,
    "name": "Honey Brook Community Library",
    "address": "687 Compass Rd",
    "city": "Honey Brook",
    "schedule": "Mon-Fri: 9am -7pm\nSat-Sun: 10am-2pm\nElection Day (11/3/2020) from 7:00AM  until 8:00pm",
    "phone": "(610) 344-6410",
    "type": "dropbox",
    "latitude": 40.088,
    "longitude": -75.9166
  },
  {
    "state": "Pennsylvania",
    "state_abbreviation": "PA",
    "county": "Chester County",
    "zip": 19348,
    "name": "Kennett Library",
    "address": "216 State St",
    "city": "Kennett Square",
    "schedule": "Mon-Fri: 9am -7pm\nSat-Sun: 10am-2pm\nElection Day (11/3/2020) from 7:00AM  until 8:00pm",
    "phone": "(610) 344-6410",
    "type": "dropbox",
    "latitude": 39.8472,
    "longitude": -75.7095
  },
  {
    "state": "Pennsylvania",
    "state_abbreviation": "PA",
    "county": "Chester County",
    "zip": 19365,
    "name": "Parkesburg Free Library",
    "address": "105 West St",
    "city": "Parkesburg",
    "schedule": "Mon-Fri: 9am -7pm\nSat-Sun: 10am-2pm\nElection Day (11/3/2020) from 7:00AM  until 8:00pm",
    "phone": "(610) 344-6410",
    "type": "dropbox",
    "latitude": 39.958,
    "longitude": -75.9186
  },
  {
    "state": "Pennsylvania",
    "state_abbreviation": "PA",
    "county": "Chester County",
    "zip": 19460,
    "name": "Phoenixville Public Library",
    "address": "183 2nd Ave",
    "city": "Phoenixsville",
    "schedule": "Mon-Fri: 9am -7pm\nSat-Sun: 10am-2pm\nElection Day (11/3/2020) from 7:00AM  until 8:00pm",
    "phone": "(610) 344-6410",
    "type": "dropbox",
    "latitude": 40.1289,
    "longitude": -75.5141
  },
  {
    "state": "Pennsylvania",
    "state_abbreviation": "PA",
    "county": "Chester County",
    "zip": 19475,
    "name": "Spring City Free Library",
    "address": "245 Broad St",
    "city": "Spring City",
    "schedule": "Mon-Fri: 9am -7pm\nSat-Sun: 10am-2pm\nElection Day (11/3/2020) from 7:00AM  until 8:00pm",
    "phone": "(610) 344-6410",
    "type": "dropbox",
    "latitude": 40.1775,
    "longitude": -75.5495
  },
  {
    "state": "Pennsylvania",
    "state_abbreviation": "PA",
    "county": "Chester County",
    "zip": 19382,
    "name": "Government Services Center",
    "address": "601 Westtown Rd",
    "city": "West Chester",
    "schedule": "24/7 until 8pm on Election Day",
    "phone": "(610) 344-6410",
    "type": "dropbox",
    "latitude": 39.9598,
    "longitude": -75.5837
  },
  {
    "state": "Pennsylvania",
    "state_abbreviation": "PA",
    "county": "Chester County",
    "zip": 19425,
    "name": "Henrietta Hankin Branch Library",
    "address": "215 Windgate Dr",
    "city": "Chester Springs",
    "schedule": "M, W, F: 9:30am-5pm\nElection Day (11/3/2020) from 7:00AM  until 8:00pm",
    "phone": "(610) 344-6410",
    "type": "clerk",
    "latitude": 40.1143,
    "longitude": -75.69
  },
  {
    "state": "Pennsylvania",
    "state_abbreviation": "PA",
    "county": "Chester County",
    "zip": 19363,
    "name": "Oxford Public Library",
    "address": "48 S 2nd St",
    "city": "Oxford",
    "schedule": "Mon, Wed: 10am-5pm\nElection Day (11/3/2020) from 7:00AM  until 8:00pm",
    "phone": "(610) 344-6410",
    "type": "clerk",
    "latitude": 39.7848,
    "longitude": -75.9807
  },
  {
    "state": "Pennsylvania",
    "state_abbreviation": "PA",
    "county": "Clarion County",
    "zip": 16214,
    "name": "330 Main Street",
    "address": "Rm 103",
    "city": "Clarion",
    "schedule": "Monday - Friday 8:30am - 4:30pm",
    "phone": "(814) 226-4000",
    "type": "clerk",
    "latitude": 41.2148,
    "longitude": -79.3853
  },
  {
    "state": "Pennsylvania",
    "state_abbreviation": "PA",
    "county": "Clarion County",
    "zip": 16214,
    "name": "330 Main Street",
    "address": "Rm 103",
    "city": "Clarion",
    "schedule": "Monday - Friday 8:30am - 4:30pm\nuntil 8pm on Election Day",
    "notes": "Bring into the building, not outside",
    "phone": "(814) 226-4000",
    "type": "dropbox",
    "latitude": 41.2148,
    "longitude": -79.3853
  },
  {
    "state": "Pennsylvania",
    "state_abbreviation": "PA",
    "county": "Clearfield County",
    "zip": 16830,
    "name": "Clearfield County-County Election Office",
    "address": "212 E Locust St.",
    "city": "Clearfield",
    "schedule": "Monday - Friday 8:30am - 4:30pm\nuntil 8pm on Election Day",
    "phone": "(814) 765-2642 x5053",
    "type": "clerk",
    "latitude": 41.0236,
    "longitude": -78.4369
  },
  {
    "state": "Pennsylvania",
    "state_abbreviation": "PA",
    "county": "Clinton County",
    "zip": 17745,
    "name": "Clinton County-County Election Office & Drop Box",
    "address": "2 Piper Way",
    "city": "Lock Haven",
    "schedule": "M, Tue, Thur, Fri: 8am-5pm\nWed: 8am-12:30pm\nDrop Box: 24/7 until 8pm on Election Day",
    "phone": "(570) 893-4019",
    "type": "dropbox",
    "latitude": 41.134,
    "longitude": -77.4282
  },
  {
    "state": "Pennsylvania",
    "state_abbreviation": "PA",
    "county": "Columbia County",
    "zip": 17815,
    "name": "Columbia County-County Election Office",
    "address": "11 W. Main Street",
    "city": "Bloomsburg",
    "schedule": "Election Day: 7am - 8pm",
    "phone": "(570) 389-5640",
    "type": "clerk",
    "latitude": 41.0032,
    "longitude": -76.4568
  },
  {
    "state": "Pennsylvania",
    "state_abbreviation": "PA",
    "county": "Crawford County",
    "zip": 16335,
    "name": "Crawford County-County Election Office",
    "address": "903 Diamond Park",
    "city": "Meadville",
    "schedule": "Monday - Friday 8:30am - 4:30pm",
    "phone": "(814) 333-7307",
    "type": "clerk",
    "latitude": 41.6383,
    "longitude": -80.1491
  },
  {
    "state": "Pennsylvania",
    "state_abbreviation": "PA",
    "county": "Cumberland County",
    "zip": 17013,
    "name": "Cumberland County-County Election Office",
    "address": "1601 Ritner Highway",
    "city": "Carlisle",
    "schedule": "Monday - Friday 8am - 4:30pm\nElection day: 7am - 8pm",
    "phone": "(717) 240-6385",
    "type": "clerk",
    "latitude": 40.1972,
    "longitude": -77.2273
  },
  {
    "state": "Pennsylvania",
    "state_abbreviation": "PA",
    "county": "Dauphin County",
    "zip": 17108,
    "name": "Dauphin County Administration Building",
    "address": "2 S. 2nd St.",
    "city": "Harrisburg",
    "schedule": "11/3: 8am - 8pm",
    "phone": "(717) 780-6360",
    "type": "dropbox",
    "latitude": 40.2595,
    "longitude": -76.8818
  },
  {
    "state": "Pennsylvania",
    "state_abbreviation": "PA",
    "county": "Dauphin County",
    "name": "Northern Dauphin Human Services Center",
    "address": "295 State Drive",
    "city": "Elizabethville",
    "schedule": "11/3: 8am - 8pm",
    "phone": "(717) 780-6360",
    "type": "other",
    "latitude": 40.5582,
    "longitude": -76.7934
  },
  {
    "state": "Pennsylvania",
    "state_abbreviation": "PA",
    "county": "Delaware County",
    "zip": 19063,
    "name": "Government Center Building",
    "address": "201 W Front St",
    "city": "Media",
    "schedule": "M, W, F: 8:30am - 4:30pm\nTues, Thurs: 8:30am - 8pm\nSat: 9am - 12pm",
    "phone": "(610) 891-4673",
    "type": "clerk",
    "latitude": 39.9203,
    "longitude": -75.3909
  },
  {
    "state": "Pennsylvania",
    "state_abbreviation": "PA",
    "county": "Delaware County",
    "zip": 19082,
    "name": "Department of Human Services Building",
    "address": "20 South 69th Street 4th Floor",
    "city": "Upper Darby",
    "schedule": "M, W, F: 7:30am-2pm\nSat: 10am-2pm",
    "phone": "(610) 891-4673",
    "type": "clerk",
    "latitude": 39.961,
    "longitude": -75.2591
  },
  {
    "state": "Pennsylvania",
    "state_abbreviation": "PA",
    "county": "Delaware County",
    "zip": 19103,
    "name": "Chester City Hall",
    "address": "1 E. 4th St.",
    "city": "Chester",
    "schedule": "M-F: 9am-2pm\nSat: 10am-2pm",
    "phone": "(610) 891-4673",
    "type": "clerk",
    "latitude": 39.8472,
    "longitude": -75.3594
  },
  {
    "state": "Pennsylvania",
    "state_abbreviation": "PA",
    "county": "Delaware County",
    "zip": 19018,
    "name": "Municipal Building",
    "address": "1 W. Providence Road",
    "city": "Aldan",
    "schedule": "24/7 until 8pm on Election Day",
    "phone": "(610) 891-4673",
    "type": "dropbox",
    "latitude": 39.9231,
    "longitude": -75.2891
  },
  {
    "state": "Pennsylvania",
    "state_abbreviation": "PA",
    "county": "Delaware County",
    "zip": 19014,
    "name": "Municipal Building",
    "address": "5021 Pennell Road",
    "city": "Aston",
    "schedule": "24/7 until 8pm on Election Day",
    "phone": "(610) 891-4673",
    "type": "dropbox",
    "latitude": 39.8875,
    "longitude": -75.4302
  },
  {
    "state": "Pennsylvania",
    "state_abbreviation": "PA",
    "county": "Delaware County",
    "zip": 19060,
    "name": "John Meyers Building",
    "address": "1092 Bethel Road",
    "city": " Garnet Valley",
    "schedule": "Mon-Fri from 8 am - 4pm through Election Day at 8pm",
    "phone": "(610) 891-4673",
    "type": "dropbox",
    "latitude": 39.8539,
    "longitude": -75.4888
  },
  {
    "state": "Pennsylvania",
    "state_abbreviation": "PA",
    "county": "Delaware County",
    "zip": 19015,
    "name": "Municipal Center",
    "address": "2 Cambridge Road",
    "city": "Brookhaven",
    "schedule": "24/7 until 8pm on Election Day",
    "phone": "(610) 891-4673",
    "type": "dropbox",
    "latitude": 39.8767,
    "longitude": -75.3919
  },
  {
    "state": "Pennsylvania",
    "state_abbreviation": "PA",
    "county": "Delaware County",
    "zip": 19317,
    "name": "Township Office",
    "address": "10 Ring Road",
    "city": "Chadds Ford",
    "schedule": "Monday - Friday 8:00am - 4:00pm",
    "phone": "(610) 891-4673",
    "type": "dropbox",
    "latitude": 39.8734,
    "longitude": -75.5804
  },
  {
    "state": "Pennsylvania",
    "state_abbreviation": "PA",
    "county": "Delaware County",
    "zip": 19013,
    "name": "Crozer Library",
    "address": "620 Engle Street",
    "city": "Chester",
    "schedule": "24/7 until 8pm on Election Day",
    "phone": "(610) 891-4673",
    "type": "dropbox",
    "latitude": 39.8379,
    "longitude": -75.3876
  },
  {
    "state": "Pennsylvania",
    "state_abbreviation": "PA",
    "county": "Delaware County",
    "zip": 19013,
    "name": "City Hall",
    "address": "1 E. 4th Street",
    "city": "Chester",
    "schedule": "Mon-Fri 9am - 2pm through 11/3 at 8pm",
    "phone": "(610) 891-4673",
    "type": "dropbox",
    "latitude": 39.8472,
    "longitude": -75.3594
  },
  {
    "state": "Pennsylvania",
    "state_abbreviation": "PA",
    "county": "Delaware County",
    "zip": 19018,
    "name": "Municipal Complex",
    "address": "30 S. Springfield Rd",
    "city": "Clifton Heights",
    "schedule": "Mon-Fri 9am - 2pm through 11/3 at 8pm",
    "phone": "(610) 891-4673",
    "type": "dropbox",
    "latitude": 39.9285,
    "longitude": -75.2963
  },
  {
    "state": "Pennsylvania",
    "state_abbreviation": "PA",
    "county": "Delaware County",
    "zip": 19023,
    "name": "Collingdale Public Library",
    "address": "800 MacDade Blvd.",
    "city": "Collingdale",
    "schedule": "24/7 until 8pm on Election Day",
    "phone": "(610) 891-4673",
    "type": "dropbox",
    "latitude": 39.9109,
    "longitude": -75.2778
  },
  {
    "state": "Pennsylvania",
    "state_abbreviation": "PA",
    "county": "Delaware County",
    "zip": 19023,
    "name": "Delaware County-Drop Box",
    "address": "Police Station/Municipal Building",
    "city": "222 Spruce Street",
    "schedule": "24/7 until 8pm on Election Day",
    "phone": "(610) 891-4673",
    "type": "dropbox",
    "latitude": 39.9136,
    "longitude": -75.2527
  },
  {
    "state": "Pennsylvania",
    "state_abbreviation": "PA",
    "county": "Delaware County",
    "zip": 19342,
    "name": "Delaware County-Drop Box",
    "address": "Rachel Kohl Library",
    "city": "687 Smithbridge Road",
    "schedule": "24/7 until 8pm on Election Day",
    "phone": "(610) 891-4673",
    "type": "dropbox",
    "latitude": 39.8673,
    "longitude": -75.5133
  },
  {
    "state": "Pennsylvania",
    "state_abbreviation": "PA",
    "county": "Delaware County",
    "zip": 19023,
    "name": "Darby Borough Re Center",
    "address": "1022 Ridge Avenue",
    "city": "Darby",
    "schedule": "24/7 until 8pm on Election Day",
    "phone": "(610) 891-4673",
    "type": "dropbox",
    "latitude": 39.9219,
    "longitude": -75.2623
  },
  {
    "state": "Pennsylvania",
    "state_abbreviation": "PA",
    "county": "Delaware County",
    "zip": 19079,
    "name": "Darby Twnshp Police Administrative Bldg",
    "address": "2 Studevan Plaza",
    "city": "Sharon Hill",
    "schedule": "24/7 until 8pm on Election Day",
    "phone": "(610) 891-4673",
    "type": "dropbox",
    "latitude": 39.8979,
    "longitude": -75.2653
  },
  {
    "state": "Pennsylvania",
    "state_abbreviation": "PA",
    "county": "Delaware County",
    "zip": 19050,
    "name": "Community Center",
    "address": "155 Lexington Ave.",
    "city": "E. Lansdowne",
    "schedule": "24/7 until 8pm on Election Day",
    "phone": "(610) 891-4673",
    "type": "dropbox",
    "latitude": 39.9454,
    "longitude": -75.2617
  },
  {
    "state": "Pennsylvania",
    "state_abbreviation": "PA",
    "county": "Delaware County",
    "zip": 19022,
    "name": "Lighthouse Hall",
    "address": "1401 E. 9th Street",
    "city": "Eddystone",
    "schedule": "24/7 until 8pm on Election Day",
    "phone": "(610) 891-4673",
    "type": "dropbox",
    "latitude": 39.8598,
    "longitude": -75.3412
  },
  {
    "state": "Pennsylvania",
    "state_abbreviation": "PA",
    "county": "Delaware County",
    "zip": 19073,
    "name": "Township Building",
    "address": "1000 Gradyville Road",
    "city": "Edgmont",
    "schedule": "24/7 until 8pm on Election Day",
    "phone": "(610) 891-4673",
    "type": "dropbox",
    "latitude": 39.946,
    "longitude": -75.4671
  },
  {
    "state": "Pennsylvania",
    "state_abbreviation": "PA",
    "county": "Delaware County",
    "zip": 19032,
    "name": "Folcroft Public Library",
    "address": "1725 Delmar Drive",
    "city": "Folcroft",
    "schedule": "24/7 until 8pm on Election Day",
    "phone": "(610) 891-4673",
    "type": "dropbox",
    "latitude": 39.894,
    "longitude": -75.2789
  },
  {
    "state": "Pennsylvania",
    "state_abbreviation": "PA",
    "county": "Delaware County",
    "zip": 19083,
    "name": "Haverford Admin Building",
    "address": "1014 Darby Road",
    "city": "Havertown",
    "schedule": "24/7 until 8pm on Election Day",
    "phone": "(610) 891-4673",
    "type": "dropbox",
    "latitude": 39.976,
    "longitude": -75.3041
  },
  {
    "state": "Pennsylvania",
    "state_abbreviation": "PA",
    "county": "Delaware County",
    "zip": 19050,
    "name": "Delaware County-Drop Box",
    "address": "Fire Station",
    "city": "26 N. Highland Avenue",
    "schedule": "24/7 until 8pm on Election Day",
    "phone": "(610) 891-4673",
    "type": "dropbox",
    "latitude": 39.9395,
    "longitude": -75.2712
  },
  {
    "state": "Pennsylvania",
    "state_abbreviation": "PA",
    "county": "Delaware County",
    "zip": 19061,
    "name": "Municipal Building",
    "address": "1401 Market Street",
    "city": "Linwood",
    "schedule": "24/7 until 8pm on Election Day",
    "phone": "(610) 891-4673",
    "type": "dropbox",
    "latitude": 39.8244,
    "longitude": -75.4206
  },
  {
    "state": "Pennsylvania",
    "state_abbreviation": "PA",
    "county": "Delaware County",
    "zip": 19061,
    "name": "Marcus Hook Comm Center",
    "address": "7 W. Delaware Avenue",
    "city": "Marcus Hook",
    "schedule": "24/7 until 8pm on Election Day",
    "phone": "(610) 891-4673",
    "type": "dropbox",
    "latitude": 39.8127,
    "longitude": -75.4121
  },
  {
    "state": "Pennsylvania",
    "state_abbreviation": "PA",
    "county": "Delaware County",
    "zip": 19008,
    "name": "Marple Public Library",
    "address": "227 S. Sproul Road",
    "city": "Broomall",
    "schedule": "24/7 until 8pm on Election Day",
    "phone": "(610) 891-4673",
    "type": "dropbox",
    "latitude": 39.9749,
    "longitude": -75.3635
  },
  {
    "state": "Pennsylvania",
    "state_abbreviation": "PA",
    "county": "Delaware County",
    "zip": 19063,
    "name": "Media Borough Hall",
    "address": "301 N. Jackson Street",
    "city": "Media PA 19063",
    "schedule": "24/7 until 8pm on Election Day",
    "phone": "(610) 891-4673",
    "type": "dropbox",
    "latitude": 39.9208,
    "longitude": -75.3879
  },
  {
    "state": "Pennsylvania",
    "state_abbreviation": "PA",
    "county": "Delaware County",
    "zip": 19063,
    "name": "Government Center Building",
    "address": "201 W. Front Street",
    "city": "Media",
    "schedule": "M/W/F: 8:30am - 4:30pm\nT/Th: 8:30am - 8pm\nSat: 9am - Noon\nThrough Election Day at 8pm",
    "phone": "(610) 891-4673",
    "type": "dropbox",
    "latitude": 39.9203,
    "longitude": -75.3909
  },
  {
    "state": "Pennsylvania",
    "state_abbreviation": "PA",
    "county": "Delaware County",
    "zip": 19063,
    "name": "Municipal Building",
    "address": "27 N. Pennell Road",
    "city": "Media",
    "schedule": "24/7 until 8pm on Election Day",
    "phone": "(610) 891-4673",
    "type": "dropbox",
    "latitude": 39.9141,
    "longitude": -75.4393
  },
  {
    "state": "Pennsylvania",
    "state_abbreviation": "PA",
    "county": "Delaware County",
    "zip": 19082,
    "name": "Municipal/Police Building",
    "address": "9 Park Avenue",
    "city": "Millbourne",
    "schedule": "24/7 until 8pm on Election Day",
    "phone": "(610) 891-4673",
    "type": "dropbox",
    "latitude": 39.9634,
    "longitude": -75.2501
  },
  {
    "state": "Pennsylvania",
    "state_abbreviation": "PA",
    "county": "Delaware County",
    "zip": 19070,
    "name": "Municipal Building",
    "address": "500 Highland Avenue",
    "city": "Morton",
    "schedule": "24/7 until 8pm on Election Day",
    "phone": "(610) 891-4673",
    "type": "dropbox",
    "latitude": 39.9113,
    "longitude": -75.3221
  },
  {
    "state": "Pennsylvania",
    "state_abbreviation": "PA",
    "county": "Delaware County",
    "zip": 19086,
    "name": "Helen Kate Furness Library",
    "address": "100 N. Providence",
    "city": "Wallingford",
    "schedule": "24/7 until 8pm on Election Day",
    "phone": "(610) 891-4673",
    "type": "dropbox",
    "latitude": 39.9045,
    "longitude": -75.3749
  },
  {
    "state": "Pennsylvania",
    "state_abbreviation": "PA",
    "county": "Delaware County",
    "zip": 19073,
    "name": "Municipal Building",
    "address": "209 Bishop Hollow Rd",
    "city": "Newtown Square",
    "schedule": "24/7 until 8pm on Election Day",
    "phone": "(610) 891-4673",
    "type": "dropbox",
    "latitude": 39.9807,
    "longitude": -75.4078
  },
  {
    "state": "Pennsylvania",
    "state_abbreviation": "PA",
    "county": "Delaware County",
    "zip": 19015,
    "name": "Borough Hall",
    "address": "22 E. Elbon Road",
    "city": "Brookhaven",
    "schedule": "24/7 until 8pm on Election Day",
    "phone": "(610) 891-4673",
    "type": "dropbox",
    "latitude": 39.8689,
    "longitude": -75.3789
  },
  {
    "state": "Pennsylvania",
    "state_abbreviation": "PA",
    "county": "Delaware County",
    "zip": 19087,
    "name": "Radnor Township Building",
    "address": "301 Iven Avenue",
    "city": "Wayne",
    "schedule": "24/7 until 8pm on Election Day",
    "phone": "(610) 891-4673",
    "type": "dropbox",
    "latitude": 40.0363,
    "longitude": -75.3729
  },
  {
    "state": "Pennsylvania",
    "state_abbreviation": "PA",
    "county": "Delaware County",
    "zip": 19078,
    "name": "Borough Hall",
    "address": "105 E. Ward, Ridley Park",
    "city": "PA 19078",
    "schedule": "Monday - Friday 8:00am - 4:00pm through Election Day at 8pm",
    "phone": "(610) 891-4673",
    "type": "dropbox",
    "latitude": 39.8811,
    "longitude": -75.3242
  },
  {
    "state": "Pennsylvania",
    "state_abbreviation": "PA",
    "county": "Delaware County",
    "zip": 19033,
    "name": "Police Station Public Access",
    "address": "100 E. MacDade Blvd",
    "city": "Folsom",
    "schedule": "24/7 until 8pm on Election Day",
    "phone": "(610) 891-4673",
    "type": "dropbox",
    "latitude": 39.8863,
    "longitude": -75.3293
  },
  {
    "state": "Pennsylvania",
    "state_abbreviation": "PA",
    "county": "Delaware County",
    "zip": 19063,
    "name": "Hedgerow Theater",
    "address": "64 Rose Valley Road",
    "city": "Rose Valley",
    "schedule": "24/7 until 8pm on Election Day",
    "phone": "(610) 891-4673",
    "type": "dropbox",
    "latitude": 39.8975,
    "longitude": -75.3867
  },
  {
    "state": "Pennsylvania",
    "state_abbreviation": "PA",
    "county": "Delaware County",
    "zip": 19070,
    "name": "Borough Hall",
    "address": "212 Unity Terrace",
    "city": "Rutledge",
    "schedule": "24/7 until 8pm on Election Day",
    "phone": "(610) 891-4673",
    "type": "dropbox",
    "latitude": 39.9019,
    "longitude": -75.3288
  },
  {
    "state": "Pennsylvania",
    "state_abbreviation": "PA",
    "county": "Delaware County",
    "zip": 19079,
    "name": "Borough Hall",
    "address": "250 Sharon Avenue",
    "city": "Sharon Hill",
    "schedule": "24/7 until 8pm on Election Day",
    "phone": "(610) 891-4673",
    "type": "dropbox",
    "latitude": 39.9067,
    "longitude": -75.2722
  },
  {
    "state": "Pennsylvania",
    "state_abbreviation": "PA",
    "county": "Delaware County",
    "zip": 19061,
    "name": "Municipal Building",
    "address": "1410 Market Street",
    "city": "Linwood",
    "schedule": "24/7 until 8pm on Election Day",
    "phone": "(610) 891-4673",
    "type": "dropbox",
    "latitude": 39.8248,
    "longitude": -75.4213
  },
  {
    "state": "Pennsylvania",
    "state_abbreviation": "PA",
    "county": "Delaware County",
    "zip": 19064,
    "name": "Springfield Township Library",
    "address": "70 Powell Road",
    "city": "Springfield",
    "schedule": "24/7 until 8pm on Election Day",
    "phone": "(610) 891-4673",
    "type": "dropbox",
    "latitude": 39.9307,
    "longitude": -75.3299
  },
  {
    "state": "Pennsylvania",
    "state_abbreviation": "PA",
    "county": "Delaware County",
    "zip": 19081,
    "name": "Swarthmore Borough Building / Library",
    "address": "121 Park Avenue",
    "city": "Swarthmore",
    "schedule": "24/7 until 8pm on Election Day",
    "phone": "(610) 891-4673",
    "type": "dropbox",
    "latitude": 39.9015,
    "longitude": -75.3484
  },
  {
    "state": "Pennsylvania",
    "state_abbreviation": "PA",
    "county": "Delaware County",
    "zip": 19342,
    "name": "Thornbury Park, Comfort Station",
    "address": "345 Glen Mills Road",
    "city": "Glen Mills",
    "schedule": "24/7 until 8pm on Election Day",
    "phone": "(610) 891-4673",
    "type": "dropbox",
    "latitude": 39.9129,
    "longitude": -75.5257
  },
  {
    "state": "Pennsylvania",
    "state_abbreviation": "PA",
    "county": "Delaware County",
    "zip": 19061,
    "name": "Furey Road Field House",
    "address": "8500 Furey Road",
    "city": "Aston",
    "schedule": "24/7 until 8pm on Election Day",
    "phone": "(610) 891-4673",
    "type": "dropbox",
    "latitude": 39.8572,
    "longitude": -75.46
  },
  {
    "state": "Pennsylvania",
    "state_abbreviation": "PA",
    "county": "Delaware County",
    "zip": 19082,
    "name": "Upper Darby Municipal Building",
    "address": "100 Garrett Road",
    "city": "Upper Darby",
    "schedule": "24/7 until 8pm on Election Day",
    "phone": "(610) 891-4673",
    "type": "dropbox",
    "latitude": 39.9599,
    "longitude": -75.263
  },
  {
    "state": "Pennsylvania",
    "state_abbreviation": "PA",
    "county": "Delaware County",
    "zip": 19082,
    "name": "Department of Human Services",
    "address": "20 S. 69th St., 4th floor",
    "city": "Upper Darby",
    "schedule": "M/W/F: 7:30am - 2pm\nSat: 10am - 2pm\nThrough 8pm Election Day",
    "phone": "(610) 891-4673",
    "type": "dropbox",
    "latitude": 39.961,
    "longitude": -75.2591
  },
  {
    "state": "Pennsylvania",
    "state_abbreviation": "PA",
    "county": "Delaware County",
    "zip": 19063,
    "name": "District Court Building",
    "address": "935 N. Providence Road",
    "city": "Media",
    "schedule": "24/7 until 8pm on Election Day",
    "phone": "(610) 891-4673",
    "type": "dropbox",
    "latitude": 39.9305,
    "longitude": -75.3872
  },
  {
    "state": "Pennsylvania",
    "state_abbreviation": "PA",
    "county": "Delaware County",
    "zip": 19050,
    "name": "Delaware County-Drop Box",
    "address": "Yeadon Public Library",
    "city": "809 Longacre Blvd",
    "schedule": "24/7 until 8pm on Election Day",
    "phone": "(610) 891-4673",
    "type": "dropbox",
    "latitude": 39.9362,
    "longitude": -75.2511
  },
  {
    "state": "Pennsylvania",
    "state_abbreviation": "PA",
    "county": "Elk County",
    "zip": 15853,
    "name": "Elk County Annex Building",
    "address": "300 Center St",
    "city": "Ridgway",
    "schedule": "M - F 8:30am-4:30pm\n11/3: 7am-8pm",
    "phone": "(814) 776-5337",
    "type": "dropbox",
    "latitude": 41.4209,
    "longitude": -78.728
  },
  {
    "state": "Pennsylvania",
    "state_abbreviation": "PA",
    "county": "Erie County",
    "zip": 16501,
    "name": "Erie County Courthouse",
    "address": "140 W Sixth St",
    "city": "Erie",
    "schedule": "Office: M-F, 8am - 4:30pm\nDrop Box: 24/7 until 8pm on Election Day",
    "phone": "(814) 451-6276",
    "type": "dropbox",
    "latitude": 42.1292,
    "longitude": -80.088
  },
  {
    "state": "Pennsylvania",
    "state_abbreviation": "PA",
    "county": "Fayette County",
    "zip": 15401,
    "name": "Fayette County-County Election Office",
    "address": "22 E. Main St.",
    "city": "Uniontown",
    "schedule": "M-F: 8am - 4:30pm\nElection Day: 7am - 8pm",
    "phone": "(724) 430-1289",
    "type": "clerk",
    "latitude": 39.901,
    "longitude": -79.7248
  },
  {
    "state": "Pennsylvania",
    "state_abbreviation": "PA",
    "county": "Forest County",
    "zip": 16353,
    "name": "Forest County-County Election Office",
    "address": "526 Elm St. - Unit #3",
    "city": "Tionesta",
    "schedule": "Monday - Friday 8:00am - 4:00pm\nElection Day: 7am - 8pm",
    "phone": "(814) 755-3537",
    "type": "clerk"
  },
  {
    "state": "Pennsylvania",
    "state_abbreviation": "PA",
    "county": "Franklin County",
    "zip": 17201,
    "name": "Franklin County-County Election Office",
    "address": "2 North Main Street",
    "city": "Chambersburg",
    "schedule": "11/2 - Open until 4:30pm\n11/3 - 8:30am - 8:00 pm",
    "phone": "(717) 261-3886",
    "type": "clerk",
    "latitude": 39.9376,
    "longitude": -77.6605
  },
  {
    "state": "Pennsylvania",
    "state_abbreviation": "PA",
    "county": "Franklin County",
    "name": "County Commissioner's Office",
    "address": "340 North Second St",
    "city": "Chambersburg",
    "schedule": "11/2 - open until 4:30pm\n11/3 - 8:30am - 8:00pm",
    "phone": "(717) 261-3886",
    "type": "other",
    "latitude": 39.9419,
    "longitude": -77.6576
  },
  {
    "state": "Pennsylvania",
    "state_abbreviation": "PA",
    "county": "Fulton County",
    "zip": 17233,
    "name": "Fulton County-County Election Office",
    "address": "116 W. Market St., Ste 205",
    "city": "McConnellsburg",
    "schedule": "Monday - Friday 8:00am - 4:30pm",
    "phone": "(717) 485-6864",
    "type": "clerk",
    "latitude": 39.9345,
    "longitude": -77.999
  },
  {
    "state": "Pennsylvania",
    "state_abbreviation": "PA",
    "county": "Fulton County",
    "zip": 17233,
    "name": "Fulton County-Drop Box",
    "address": "116 W. Market St., Ste 205",
    "city": "McConnellsburg",
    "schedule": "24 x 7 until 8pm on Election Day",
    "phone": "(717) 485-6864",
    "type": "dropbox",
    "latitude": 39.9345,
    "longitude": -77.999
  },
  {
    "state": "Pennsylvania",
    "state_abbreviation": "PA",
    "county": "Greene County",
    "zip": 15370,
    "name": "Rm 102 - County Offc. Bldg",
    "address": "93 E. High St.",
    "city": "Waynesburg",
    "schedule": "M-F: 8:30am - 4:30pm\n11/3: 8:30am - 4:30pm",
    "phone": "(724) 852-5304",
    "type": "clerk",
    "latitude": 39.8965,
    "longitude": -80.1857
  },
  {
    "state": "Pennsylvania",
    "state_abbreviation": "PA",
    "county": "Huntingdon County",
    "zip": 16652,
    "name": "Huntingdon County-County Election Office",
    "address": "233 Penn St",
    "city": "Huntingdon",
    "schedule": "Monday - Friday 8:30am - 4:30pm\nOpen Election Day 8:30am - 8:00pm",
    "phone": "(814) 643-3091 x205",
    "type": "clerk",
    "latitude": 40.4839,
    "longitude": -78.0085
  },
  {
    "state": "Pennsylvania",
    "state_abbreviation": "PA",
    "county": "Indiana County",
    "zip": 15701,
    "name": "Indiana County-County Election Office",
    "address": "825 Philadelphia St.",
    "city": "Indiana",
    "schedule": "Monday - Friday 8:00am - 4:00pm\n11/3: 8am - 8pm",
    "notes": "Dropbox or the basement (but the dropbox is only open during office hours)",
    "phone": "(724) 465-3852",
    "type": "clerk",
    "latitude": 40.6234,
    "longitude": -79.1551
  },
  {
    "state": "Pennsylvania",
    "state_abbreviation": "PA",
    "county": "Jefferson County",
    "zip": 15825,
    "name": "Jefferson County-County Election Office",
    "address": "155 Main St.",
    "city": "Brookville",
    "schedule": "11/2 - 8:30am - 4:30pm\n11/3 - 6am - 8pm\nSecond floor",
    "notes": "Second floor",
    "phone": "(814) 849-1603",
    "type": "clerk",
    "latitude": 41.16,
    "longitude": -79.0786
  },
  {
    "state": "Pennsylvania",
    "state_abbreviation": "PA",
    "county": "Juniata County",
    "zip": 17049,
    "name": "Juniata County-County Election Office",
    "address": "1 North Main St",
    "city": "Mifflintown",
    "schedule": "Monday - Friday 8:00am - 4:30pm\n11/3 - 8am - 8pm",
    "phone": "(717) 436-7706",
    "type": "clerk",
    "latitude": 40.5704,
    "longitude": -77.3962
  },
  {
    "state": "Pennsylvania",
    "state_abbreviation": "PA",
    "county": "Lackawanna County",
    "zip": 18503,
    "name": "Lackawanna County Government Center",
    "address": "123 Wyoming Ave., 2nd Floor",
    "city": "Scranton",
    "schedule": "Monday - Friday 8:00AM – 7:00PM\n11/3 - 7am - 7pm",
    "phone": "(570) 963-6737",
    "type": "dropbox",
    "latitude": 41.4085,
    "longitude": -75.6657
  },
  {
    "state": "Pennsylvania",
    "state_abbreviation": "PA",
    "county": "Lancaster County",
    "zip": 17603,
    "name": "Lancaster County-Drop Box & County Election Office",
    "address": "150 N Queen St,",
    "city": "Lancaster",
    "schedule": "Monday-Friday beginning October 3\tMon-Fri: 8:30am-5pm\nOctober 28, 29, Nov. 2\t8:30am-8pm\nOctober 30\t8:30am-5pm\nOctober 31\t9am-2pm\nNovember 3\t7am-8pm",
    "notes": "Have to come in Chestnut street door",
    "phone": "(717) 299-8293",
    "type": "dropbox",
    "latitude": 40.0405,
    "longitude": -76.307
  },
  {
    "state": "Pennsylvania",
    "state_abbreviation": "PA",
    "county": "Lawrence County",
    "zip": 16101,
    "name": "Lawrence County-County Election Office",
    "address": "430 Court St.",
    "city": "New Castle",
    "schedule": "Monday - Friday 8:00am - 4:00pm\n11/3 - 8am - 8pm",
    "phone": "(724) 656-2161",
    "type": "clerk",
    "latitude": 40.9992,
    "longitude": -80.3393
  },
  {
    "state": "Pennsylvania",
    "state_abbreviation": "PA",
    "county": "Lebanon County",
    "zip": 17042,
    "name": "Lebanon County-County Election Office",
    "address": "400 South 8th Street",
    "city": "Lebanon",
    "schedule": "11/2 - closes at 4:30pm \n11/3 - 8:30am - 8pm",
    "notes": "Around the back of the building",
    "phone": "(717) 228-4428",
    "type": "clerk",
    "latitude": 40.333,
    "longitude": -76.4232
  },
  {
    "state": "Pennsylvania",
    "state_abbreviation": "PA",
    "county": "Lehigh County",
    "zip": 18037,
    "name": "North Whitehall Twp Building",
    "address": "3256 Levans Road",
    "city": "Coplay",
    "schedule": "Monday - Friday 7:30 am- 4:00 pm",
    "phone": "(610) 782-3194",
    "type": "dropbox",
    "latitude": 40.6624,
    "longitude": -75.5656
  },
  {
    "state": "Pennsylvania",
    "state_abbreviation": "PA",
    "county": "Lehigh County",
    "zip": 18031,
    "name": "Upper Macungie Twp Building",
    "address": "8330 Schantz Road",
    "city": "Breinigsville",
    "schedule": "Monday - Friday 7:30 am-4:00 pm",
    "phone": "(610) 782-3194",
    "type": "dropbox",
    "latitude": 40.5652,
    "longitude": -75.6297
  },
  {
    "state": "Pennsylvania",
    "state_abbreviation": "PA",
    "county": "Lehigh County",
    "zip": 18032,
    "name": "Catasaqua Municipal Building",
    "address": "90 Bridge Street",
    "city": "Catasauqua",
    "schedule": "Monday - Friday 8:00am-4:00 pm",
    "phone": "(610) 782-3194",
    "type": "dropbox",
    "latitude": 40.6533,
    "longitude": -75.4748
  },
  {
    "state": "Pennsylvania",
    "state_abbreviation": "PA",
    "county": "Lehigh County",
    "zip": 18101,
    "name": "Lehigh County Government Center",
    "address": "17 South 7th Street",
    "city": "Allentown",
    "schedule": "M-F: 8am - 4pm\nDrop Box: 24/7 until 8pm on Election Day",
    "phone": "(610) 782-3194",
    "type": "dropbox",
    "latitude": 40.6022,
    "longitude": -75.4708
  },
  {
    "state": "Pennsylvania",
    "state_abbreviation": "PA",
    "county": "Lehigh County",
    "zip": 18049,
    "name": "Emmaus Borough Office",
    "address": "28 South 4th Street",
    "city": "Emmaus",
    "schedule": "Monday - Friday 8:00am-3:00 pm",
    "phone": "(610) 782-3194",
    "type": "dropbox",
    "latitude": 40.5338,
    "longitude": -75.4916
  },
  {
    "state": "Pennsylvania",
    "state_abbreviation": "PA",
    "county": "Luzerne County",
    "zip": 18701,
    "name": "20 N. Pennsylvania Ave.",
    "address": "Ste. 207",
    "city": "Wilkes-Barre",
    "schedule": "Drop Box:\nM-F: 8am-8pm\n10/31: 10am-3pm",
    "phone": "(570) 825-1715",
    "type": "dropbox",
    "latitude": 41.2442,
    "longitude": -75.8791
  },
  {
    "state": "Pennsylvania",
    "state_abbreviation": "PA",
    "county": "Lycoming County",
    "zip": 17701,
    "name": "Lycoming County-County Election Office",
    "address": "33 W 3rd St.",
    "city": "Williamsport",
    "schedule": "Monday - Friday 8:30am - 5:00pm",
    "phone": "(570) 327-2267",
    "type": "clerk",
    "latitude": 41.2402,
    "longitude": -77.002
  },
  {
    "state": "Pennsylvania",
    "state_abbreviation": "PA",
    "county": "McKean County",
    "zip": 16749,
    "name": "McKean County-County Election Office",
    "address": "500 W. Main St.",
    "city": "Smethport",
    "schedule": "Monday-Friday 8:30am-4:30pm\n11/3 - 7am - 8pm",
    "phone": "(814) 887-3203",
    "type": "clerk",
    "latitude": 41.81,
    "longitude": -78.4474
  },
  {
    "state": "Pennsylvania",
    "state_abbreviation": "PA",
    "county": "Mercer County",
    "zip": 16137,
    "name": "Mercer County-County Election Office",
    "address": "5 Courthouse",
    "city": "Mercer",
    "schedule": "Monday - Friday 8:30am - 4:30pm",
    "phone": "(724) 662-7542",
    "type": "clerk",
    "latitude": 41.2269,
    "longitude": -80.2391
  },
  {
    "state": "Pennsylvania",
    "state_abbreviation": "PA",
    "county": "Mifflin",
    "zip": 17044,
    "name": "Mifflin County Courthouse",
    "address": "20 N. Wayne St.",
    "city": "Lewistown",
    "schedule": "Monday - Friday 8:00am - 4:00pm",
    "type": "dropbox",
    "latitude": 40.5968,
    "longitude": -77.5765
  },
  {
    "state": "Pennsylvania",
    "state_abbreviation": "PA",
    "county": "Monroe County",
    "zip": 18360,
    "name": "Monroe County Administrative Building",
    "address": "One Quaker Plaza, Room 105",
    "city": "Stroudsburg",
    "schedule": "Monday - Friday 8:30am until 5:00 p.m.",
    "phone": "(570) 517-3165",
    "type": "clerk",
    "latitude": 40.9872,
    "longitude": -75.193
  },
  {
    "state": "Pennsylvania",
    "state_abbreviation": "PA",
    "county": "Monroe County",
    "zip": 18322,
    "name": "Western Pocono Public Library",
    "address": "131 Pilgrim Way",
    "city": "Broadheadsville",
    "schedule": "Check library hours",
    "phone": "(570) 517-3165",
    "type": "dropbox",
    "latitude": 40.9275,
    "longitude": -75.4074
  },
  {
    "state": "Pennsylvania",
    "state_abbreviation": "PA",
    "county": "Monroe County",
    "zip": 18466,
    "name": "Pocono Mountain Public Library",
    "address": "5500 Municipal Drive",
    "city": "Tobyhanna",
    "schedule": "Check library hours",
    "phone": "(570) 517-3165",
    "type": "dropbox",
    "latitude": 41.1715,
    "longitude": -75.4074
  },
  {
    "state": "Pennsylvania",
    "state_abbreviation": "PA",
    "county": "Monroe County",
    "zip": 18360,
    "name": "Eastern Monroe Public Library",
    "address": "1002 N 9th Street",
    "city": "Stroudsburg",
    "schedule": "Check library hours",
    "phone": "(570) 517-3165",
    "type": "dropbox",
    "latitude": 40.9903,
    "longitude": -75.218
  },
  {
    "state": "Pennsylvania",
    "state_abbreviation": "PA",
    "county": "Monroe County",
    "zip": 18350,
    "name": "Clymer Library",
    "address": "115 Firehouse Lane",
    "city": "Pocono Pines",
    "schedule": "Check library hours",
    "phone": "(570) 517-3165",
    "type": "dropbox",
    "latitude": 41.1061,
    "longitude": -75.4757
  },
  {
    "state": "Pennsylvania",
    "state_abbreviation": "PA",
    "county": "Monroe County",
    "zip": 18301,
    "name": "Smithfield Township",
    "address": "1155 Red Fox Road",
    "city": "East Stroudsburg",
    "schedule": "Check township hours",
    "phone": "(570) 517-3165",
    "type": "dropbox",
    "latitude": 41.0364,
    "longitude": -75.1252
  },
  {
    "state": "Pennsylvania",
    "state_abbreviation": "PA",
    "county": "Montgomery County",
    "zip": 19401,
    "name": "Norristown Voter Services Office One Montgomery Plaza",
    "address": "425 Swede St",
    "city": "Norristown",
    "schedule": "11/2-3: 9am - 8pm",
    "phone": "(610) 278-3275",
    "type": "clerk",
    "latitude": 40.1157,
    "longitude": -75.3444
  },
  {
    "state": "Pennsylvania",
    "state_abbreviation": "PA",
    "county": "Montgomery County",
    "zip": 19027,
    "name": "Wall Park",
    "address": "1 Wall Park Dr",
    "city": "Elkins Park",
    "schedule": "11/2-3: 9am - 8pm",
    "phone": "(610) 278-3275",
    "type": "dropbox",
    "latitude": 40.079,
    "longitude": -75.1293
  },
  {
    "state": "Pennsylvania",
    "state_abbreviation": "PA",
    "county": "Montgomery County",
    "zip": 18054,
    "name": "Green Lane Park",
    "address": "2144 Snyder Rd",
    "city": "Green Lane",
    "schedule": "11/2-3: 9am - 8pm",
    "phone": "(610) 278-3275",
    "type": "dropbox",
    "latitude": 40.3285,
    "longitude": -75.4849
  },
  {
    "state": "Pennsylvania",
    "state_abbreviation": "PA",
    "county": "Montgomery County",
    "zip": 19141,
    "name": "Montgomery County Airy Street Parking Lot",
    "address": "Corner of DeKalb and Airy Streets",
    "city": "Norristown",
    "schedule": "11/2-3: 9am - 8pm",
    "phone": "(610) 278-3275",
    "type": "dropbox",
    "latitude": 40.1152,
    "longitude": -75.3414
  },
  {
    "state": "Pennsylvania",
    "state_abbreviation": "PA",
    "county": "Montgomery County",
    "zip": 19464,
    "name": "MCCC West Campus Hanover Street Building",
    "address": "95 S Hanover St",
    "city": "Pottstown",
    "schedule": "11/2-3: 9am - 8pm",
    "phone": "(610) 278-3275",
    "type": "dropbox",
    "latitude": 40.2441,
    "longitude": -75.6515
  },
  {
    "state": "Pennsylvania",
    "state_abbreviation": "PA",
    "county": "Montgomery County",
    "zip": 19468,
    "name": "Royersford Parking Lot #1A Behind Royersford Borough Hall",
    "address": "300 Main St",
    "city": "Royersford",
    "schedule": "11/2-3: 9am - 8pm",
    "phone": "(610) 278-3275",
    "type": "dropbox",
    "latitude": 40.1838,
    "longitude": -75.5405
  },
  {
    "state": "Pennsylvania",
    "state_abbreviation": "PA",
    "county": "Montgomery County",
    "zip": 19474,
    "name": "Skippack Municipal Building",
    "address": "4089 Heckler Rd",
    "city": "Skippack",
    "schedule": "11/2-3: 9am - 8pm",
    "phone": "(610) 278-3275",
    "type": "dropbox",
    "latitude": 40.2171,
    "longitude": -75.4163
  },
  {
    "state": "Pennsylvania",
    "state_abbreviation": "PA",
    "county": "Montgomery County",
    "zip": 19034,
    "name": "Upper Dublin Municipal Building",
    "address": "801 Lock Alsh Ave",
    "city": "Fort Washington",
    "schedule": "11/2-3: 9am - 8pm",
    "phone": "(610) 278-3275",
    "type": "dropbox",
    "latitude": 40.1519,
    "longitude": -75.2009
  },
  {
    "state": "Pennsylvania",
    "state_abbreviation": "PA",
    "county": "Montgomery County",
    "zip": 19446,
    "name": "Church Road Parking Lot",
    "address": "226 Station Square Blvd",
    "city": "Lansdale",
    "schedule": "11/2-3: 9am - 8pm",
    "phone": "(610) 278-3275",
    "type": "dropbox",
    "latitude": 40.2262,
    "longitude": -75.2831
  },
  {
    "state": "Pennsylvania",
    "state_abbreviation": "PA",
    "county": "Montgomery County",
    "zip": 19040,
    "name": "Willow Grove YMCA",
    "address": "3300 Davisville Ave",
    "city": "Hatboro",
    "schedule": "11/2-3: 9am - 8pm",
    "phone": "(610) 278-3275",
    "type": "dropbox",
    "latitude": 40.1588,
    "longitude": -75.0988
  },
  {
    "state": "Pennsylvania",
    "state_abbreviation": "PA",
    "county": "Montgomery County",
    "zip": 19010,
    "name": "Ludington Library",
    "address": "5 S Bryn Mawr Ave",
    "city": "Bryn Mawr",
    "schedule": "11/2-3: 9am - 8pm",
    "phone": "(610) 278-3275",
    "type": "dropbox",
    "latitude": 40.0207,
    "longitude": -75.3176
  },
  {
    "state": "Pennsylvania",
    "state_abbreviation": "PA",
    "county": "Montgomery County",
    "zip": 19428,
    "name": "Montgomery County-Drop Box",
    "address": "225 Washington St.",
    "city": "Conshohocken",
    "schedule": "11/2-3: 9am - 8pm",
    "phone": "(610) 278-3275",
    "type": "dropbox",
    "latitude": 40.0709,
    "longitude": -75.3027
  },
  {
    "state": "Pennsylvania",
    "state_abbreviation": "PA",
    "county": "Montour County",
    "zip": 17821,
    "name": "Montour County-County Election Office",
    "address": "253 Mill Street",
    "city": "Danville",
    "schedule": "Monday-Friday        9:00am - 6:00pm\nTuesday 11-3        9:00am- 8:00 pm",
    "notes": "Come into the office; it's the second door on the left.",
    "phone": "(570) 271-3000",
    "type": "clerk",
    "latitude": 40.9602,
    "longitude": -76.6194
  },
  {
    "state": "Pennsylvania",
    "state_abbreviation": "PA",
    "county": "Northampton County",
    "zip": 18042,
    "name": "Northampton County-County Election Office & Drop Box",
    "address": "669 Washington St, Room 1211",
    "city": "Easton",
    "schedule": "M-F: 8:30am-8pm\nSat: 8am-12pm",
    "notes": "Box is inside the lobby.",
    "phone": "(610) 829-6260",
    "type": "dropbox",
    "latitude": 40.6877,
    "longitude": -75.2172
  },
  {
    "state": "Pennsylvania",
    "state_abbreviation": "PA",
    "county": "Northampton County",
    "zip": 18020,
    "name": "Northampton County Human Services",
    "address": "2801 Emrick Blvd",
    "city": "Bethlehem",
    "schedule": "Monday - Friday 8:30am-7pm",
    "notes": "Box is inside the lobby.",
    "phone": "(610) 829-6260",
    "type": "dropbox",
    "latitude": 40.6616,
    "longitude": -75.2953
  },
  {
    "state": "Pennsylvania",
    "state_abbreviation": "PA",
    "county": "Northampton County",
    "zip": 18064,
    "name": "Northampton County 911 Center",
    "address": "100 Gracedale Ave",
    "city": "Nazareth",
    "schedule": "Monday - Friday 8:30am-4:30pm",
    "notes": "Box is inside the lobby.",
    "phone": "(610) 829-6260",
    "type": "dropbox",
    "latitude": 40.7396,
    "longitude": -75.3351
  },
  {
    "state": "Pennsylvania",
    "state_abbreviation": "PA",
    "county": "Northampton County",
    "zip": 18018,
    "name": "Bethlehem City Hall",
    "address": "10 E Church St",
    "city": "Bethlehem",
    "schedule": "Monday - Friday 8am-4pm",
    "notes": "Box is inside the lobby.",
    "phone": "(610) 829-6260",
    "type": "dropbox",
    "latitude": 40.6185,
    "longitude": -75.378
  },
  {
    "state": "Pennsylvania",
    "state_abbreviation": "PA",
    "county": "Northumberland County",
    "zip": 17801,
    "name": "Northumberland County-County Election Office",
    "address": "320 North Second Street, Suite 1",
    "city": "Sunbury",
    "schedule": "11/2: 9:00am - 5:00pm\n11/3: 7:00am - 8:00pm",
    "notes": "Another option:\n2. Take it to the Sunbury post office at 135 North Third St; in the lobby area there is a Sunbury-only mail slot.  The slot does not say \"ballot drop\", but the post office will specially sort out all the ballots dropped at that slot and deliver them immediately to the Elections office.  Any ballots dropped off by 8 pm tomorrow will be counted; those dropped in the Sunbury-only slot today will be delivered tomorrow morning, and those dropped in the Sunbury-only slot tomorrow by 8 pm will be delivered Thursday morning at the latest.",
    "phone": "(570) 988-4208",
    "type": "clerk",
    "latitude": 40.8662,
    "longitude": -76.7924
  },
  {
    "state": "Pennsylvania",
    "state_abbreviation": "PA",
    "county": "Perry County",
    "zip": 17068,
    "name": "Perry County-County Election Office & Drop Box",
    "address": "25 W Main St",
    "city": "New Bloomfield",
    "schedule": "Monday - Friday 8:00am - 4:00pm",
    "notes": "Dropbox is just inside the back entrance to the building.",
    "phone": "(717) 582-2131 x4110",
    "type": "dropbox",
    "latitude": 40.4191,
    "longitude": -77.188
  },
  {
    "state": "Pennsylvania",
    "state_abbreviation": "PA",
    "county": "Philadelphia County",
    "zip": 19107,
    "name": "City Hall Room 140",
    "address": "1400 John F Kennedy Blvd",
    "city": "Philadelphia",
    "schedule": "Mon-Thur - 11:30am-6:30pm\nFri-Sun - 9:30am-4:30pm",
    "phone": "(215) 686-3469",
    "type": "clerk",
    "latitude": 39.9528,
    "longitude": -75.1635
  },
  {
    "state": "Pennsylvania",
    "state_abbreviation": "PA",
    "county": "Philadelphia County",
    "zip": 19107,
    "name": "City Hall - Outside, South Portal",
    "address": "1400 John F Kennedy Blvd",
    "city": "Philadelphia",
    "schedule": "24/7 until 8pm on Election Day",
    "phone": "(215) 686-3469",
    "type": "dropbox",
    "latitude": 39.9528,
    "longitude": -75.1635
  },
  {
    "state": "Pennsylvania",
    "state_abbreviation": "PA",
    "county": "Philadelphia County",
    "zip": 19123,
    "name": "Riverview Place - Columbus Blvd side",
    "address": "520 N Columbus Blvd",
    "city": "Philadelphia",
    "schedule": "24/7 until 8pm on Election Day",
    "phone": "(215) 686-3469",
    "type": "dropbox",
    "latitude": 39.9599,
    "longitude": -75.1379
  },
  {
    "state": "Pennsylvania",
    "state_abbreviation": "PA",
    "county": "Philadelphia County",
    "zip": 19130,
    "name": "Philadelphia County-Drop Box",
    "address": "2027 Fairmount Ave",
    "city": "Philadelphia",
    "schedule": "24/7 until 8pm on Election Day",
    "phone": "(215) 686-3469",
    "type": "dropbox",
    "latitude": 39.9683,
    "longitude": -75.1727
  },
  {
    "state": "Pennsylvania",
    "state_abbreviation": "PA",
    "county": "Philadelphia County",
    "zip": 19416,
    "name": "Markward Playground",
    "address": "400 S Taney St",
    "city": "Philadelphia",
    "schedule": "24/7 until 8pm on Election Day",
    "phone": "(215) 686-3469",
    "type": "dropbox",
    "latitude": 39.948,
    "longitude": -75.1834
  },
  {
    "state": "Pennsylvania",
    "state_abbreviation": "PA",
    "county": "Philadelphia County",
    "zip": 19152,
    "name": "Pelbano Rec Center",
    "address": "8101 Bustleton Ave",
    "city": "Philadelphia",
    "schedule": "24/7 until 8pm on Election Day",
    "phone": "(215) 686-3469",
    "type": "dropbox",
    "latitude": 40.0621,
    "longitude": -75.0512
  },
  {
    "state": "Pennsylvania",
    "state_abbreviation": "PA",
    "county": "Philadelphia County",
    "zip": 19148,
    "name": "Ford PAL Rec Center",
    "address": "609 Snyder Ave",
    "city": "Philadelphia",
    "schedule": "24/7 until 8pm on Election Day",
    "phone": "(215) 686-3469",
    "type": "dropbox",
    "latitude": 39.923,
    "longitude": -75.1573
  },
  {
    "state": "Pennsylvania",
    "state_abbreviation": "PA",
    "county": "Philadelphia County",
    "zip": 19145,
    "name": "Smith Playground",
    "address": "2100 S 24th St",
    "city": "Philadelphia",
    "schedule": "24/7 until 8pm on Election Day",
    "phone": "(215) 686-3469",
    "type": "dropbox",
    "latitude": 39.9267,
    "longitude": -75.1888
  },
  {
    "state": "Pennsylvania",
    "state_abbreviation": "PA",
    "county": "Philadelphia County",
    "zip": 19135,
    "name": "Vogt Rec Center",
    "address": "4131 Unruh Ave",
    "city": "Philadelphia",
    "schedule": "24/7 until 8pm on Election Day",
    "phone": "(215) 686-3469",
    "type": "dropbox",
    "latitude": 40.0277,
    "longitude": -75.0492
  },
  {
    "state": "Pennsylvania",
    "state_abbreviation": "PA",
    "county": "Philadelphia County",
    "zip": 19106,
    "name": "Independence Branch Library",
    "address": "18 S 7th St",
    "city": "Philadelphia",
    "schedule": "24/7 until 8pm on Election Day",
    "phone": "(215) 686-3469",
    "type": "dropbox",
    "latitude": 39.9502,
    "longitude": -75.1524
  },
  {
    "state": "Pennsylvania",
    "state_abbreviation": "PA",
    "county": "Philadelphia County",
    "zip": 19150,
    "name": "Dorothy Emanuel Rec Center",
    "address": "8500 Pickering St",
    "city": "Philadelphia",
    "schedule": "24/7 until 8pm on Election Day",
    "phone": "(215) 686-3469",
    "type": "dropbox",
    "latitude": 40.0814,
    "longitude": -75.1747
  },
  {
    "state": "Pennsylvania",
    "state_abbreviation": "PA",
    "county": "Philadelphia County",
    "zip": 19119,
    "name": "Pleasant Playground",
    "address": "6800 Chew Ave",
    "city": "Philadelphia",
    "schedule": "24/7 until 8pm on Election Day",
    "phone": "(215) 686-3469",
    "type": "dropbox",
    "latitude": 40.0569,
    "longitude": -75.1835
  },
  {
    "state": "Pennsylvania",
    "state_abbreviation": "PA",
    "county": "Philadelphia County",
    "zip": 19142,
    "name": "Tilden Middle School",
    "address": "6601 Elmwood Ave.",
    "city": "Philadelphia",
    "schedule": "Mon-Thur - 11:30am-6:30pm\nFri-Sun - 9:30am-4:30pm",
    "phone": "(215) 686-3469",
    "type": "clerk",
    "latitude": 39.9215,
    "longitude": -75.2325
  },
  {
    "state": "Pennsylvania",
    "state_abbreviation": "PA",
    "county": "Philadelphia County",
    "zip": 19134,
    "name": "Mastbaum High School",
    "address": "3116 Frankford Ave",
    "city": "Philadelphia",
    "schedule": "Mon-Thur - 11:30am-6:30pm\nFri-Sun - 9:30am-4:30pm",
    "phone": "(215) 686-3469",
    "type": "clerk",
    "latitude": 39.9927,
    "longitude": -75.1123
  },
  {
    "state": "Pennsylvania",
    "state_abbreviation": "PA",
    "county": "Philadelphia County",
    "zip": 19120,
    "name": "Feltonville Intermediate School",
    "address": "238 E Wyoming Ave",
    "city": "Philadelphia",
    "schedule": "Mon-Thur - 11:30am-6:30pm\nFri-Sun - 9:30am-4:30pm",
    "phone": "(215) 686-3469",
    "type": "clerk",
    "latitude": 40.0205,
    "longitude": -75.121
  },
  {
    "state": "Pennsylvania",
    "state_abbreviation": "PA",
    "county": "Philadelphia County",
    "zip": 19151,
    "name": "Overbrook Elementary School",
    "address": "2032 N 62nd St",
    "city": "Philadelphia",
    "schedule": "Mon-Thur - 11:30am-6:30pm\nFri-Sun - 9:30am-4:30pm",
    "phone": "(215) 686-3469",
    "type": "clerk",
    "latitude": 39.9819,
    "longitude": -75.2456
  },
  {
    "state": "Pennsylvania",
    "state_abbreviation": "PA",
    "county": "Philadelphia County",
    "zip": 19139,
    "name": "Alain Locke Elementary School",
    "address": "4550 Haverford Ave",
    "city": "Philadelphia",
    "schedule": "Mon-Thur - 11:30am-6:30pm\nFri-Sun - 9:30am-4:30pm",
    "phone": "(215) 686-3469",
    "type": "clerk",
    "latitude": 39.9622,
    "longitude": -75.2125
  },
  {
    "state": "Pennsylvania",
    "state_abbreviation": "PA",
    "county": "Philadelphia County",
    "zip": 19133,
    "name": "J. De Burgos Elementary School",
    "address": "401 W Lehigh Ave",
    "city": "Philadelphia",
    "schedule": "Mon-Thur - 11:30am-6:30pm\nFri-Sun - 9:30am-4:30pm",
    "phone": "(215) 686-3469",
    "type": "clerk",
    "latitude": 39.9922,
    "longitude": -75.1387
  },
  {
    "state": "Pennsylvania",
    "state_abbreviation": "PA",
    "county": "Philadelphia County",
    "zip": 19147,
    "name": "Creative and Performing Arts",
    "address": "901 S Broad St",
    "city": "Philadelphia",
    "schedule": "Mon-Thur - 11:30am-6:30pm\nFri-Sun - 9:30am-4:30pm",
    "phone": "(215) 686-3469",
    "type": "clerk",
    "latitude": 39.9395,
    "longitude": -75.1656
  },
  {
    "state": "Pennsylvania",
    "state_abbreviation": "PA",
    "county": "Philadelphia County",
    "zip": 19141,
    "name": "Julia Ward Howe Elementary School",
    "address": "5800 N 13th St",
    "city": "Philadelphia",
    "schedule": "Mon-Thur - 11:30am-6:30pm\nFri-Sun - 9:30am-4:30pm",
    "phone": "(215) 686-3469",
    "type": "clerk",
    "latitude": 40.0417,
    "longitude": -75.1423
  },
  {
    "state": "Pennsylvania",
    "state_abbreviation": "PA",
    "county": "Philadelphia County",
    "zip": 19136,
    "name": "Joseph H. Brown Elementary School",
    "address": "3600 Stanwood St",
    "city": "Philadelphia",
    "schedule": "Mon-Thur - 11:30am-6:30pm\nFri-Sun - 9:30am-4:30pm",
    "phone": "(215) 686-3469",
    "type": "clerk",
    "latitude": 40.0435,
    "longitude": -75.0244
  },
  {
    "state": "Pennsylvania",
    "state_abbreviation": "PA",
    "county": "Philadelphia County",
    "zip": 19138,
    "name": "Anna B. Day Elementary School",
    "address": "6324 Crittenden St",
    "city": "Philadelphia",
    "schedule": "Mon-Thur - 11:30am-6:30pm\nFri-Sun - 9:30am-4:30pm",
    "phone": "(215) 686-3469",
    "type": "clerk",
    "latitude": 40.0586,
    "longitude": -75.1682
  },
  {
    "state": "Pennsylvania",
    "state_abbreviation": "PA",
    "county": "Philadelphia County",
    "zip": 19124,
    "name": "Warren G Harding Middle School",
    "address": "2000 Wakeling St",
    "city": "Philadelphia",
    "schedule": "Mon-Thur - 11:30am-6:30pm\nFri-Sun - 9:30am-4:30pm",
    "phone": "(215) 686-3469",
    "type": "clerk",
    "latitude": 40.013,
    "longitude": -75.074
  },
  {
    "state": "Pennsylvania",
    "state_abbreviation": "PA",
    "county": "Philadelphia County",
    "zip": 19111,
    "name": "J Hampton Moore Elementary School",
    "address": "6900 Summerdale St",
    "city": "Philadelphia",
    "schedule": "Mon-Thur - 11:30am-6:30pm\nFri-Sun - 9:30am-4:30pm",
    "phone": "(215) 686-3469",
    "type": "clerk",
    "latitude": 40.0499,
    "longitude": -75.0768
  },
  {
    "state": "Pennsylvania",
    "state_abbreviation": "PA",
    "county": "Philadelphia County",
    "zip": 19116,
    "name": "George Washington High School",
    "address": "10175 Bustleton Ave",
    "city": "Philadelphia",
    "schedule": "Mon-Thur - 11:30am-6:30pm\nFri-Sun - 9:30am-4:30pm",
    "phone": "(215) 686-3469",
    "type": "clerk",
    "latitude": 40.1056,
    "longitude": -75.0252
  },
  {
    "state": "Pennsylvania",
    "state_abbreviation": "PA",
    "county": "Philadelphia County",
    "zip": 19128,
    "name": "Roxborough High School",
    "address": "6498 Ridge Ave",
    "city": "Philadelphia",
    "schedule": "Mon-Thur - 11:30am-6:30pm\nFri-Sun - 9:30am-4:30pm",
    "phone": "(215) 686-3469",
    "type": "clerk",
    "latitude": 40.0373,
    "longitude": -75.2231
  },
  {
    "state": "Pennsylvania",
    "state_abbreviation": "PA",
    "county": "Philadelphia County",
    "zip": 19121,
    "name": "Liacouras Center @ Temple University",
    "address": "1776 N Broad St",
    "city": "Philadelphia",
    "schedule": "Mon-Thur - 11:30am-6:30pm\nFri-Sun - 9:30am-4:30pm",
    "phone": "(215) 686-3469",
    "type": "clerk",
    "latitude": 39.9799,
    "longitude": -75.1586
  },
  {
    "state": "Pennsylvania",
    "state_abbreviation": "PA",
    "county": "Pike County",
    "zip": 18337,
    "name": "506 Broad St.",
    "address": "Pike County Administration Building",
    "city": "Milford",
    "schedule": "8:30 a.m. to 4:30 p.m. on November 2",
    "phone": "(570) 296-3426",
    "type": "clerk",
    "latitude": 41.325,
    "longitude": -74.8002
  },
  {
    "state": "Pennsylvania",
    "state_abbreviation": "PA",
    "county": "Pike County",
    "zip": 18337,
    "name": "506 Broad St.",
    "address": "Pike County Administration Building",
    "city": "Milford",
    "schedule": "8:30 a.m. to 4:30 p.m. on November 2\n7:00 a.m. until 8:00 p.m. on November 3",
    "phone": "(570) 296-3426",
    "type": "dropbox",
    "latitude": 41.325,
    "longitude": -74.8002
  },
  {
    "state": "Pennsylvania",
    "state_abbreviation": "PA",
    "county": "Potter County",
    "zip": 16915,
    "name": "Potter County-County Election Office",
    "address": "1 N. Main St.",
    "city": "Coudersport",
    "schedule": "Monday - Friday 8:30am - 4:30pm\n11/3 - 7am - 8pm",
    "phone": "(814) 274-8467",
    "type": "clerk",
    "latitude": 41.7731,
    "longitude": -78.0218
  },
  {
    "state": "Pennsylvania",
    "state_abbreviation": "PA",
    "county": "Schuylkill County",
    "zip": 17901,
    "name": "Schuylkill County-County Election Office",
    "address": "420 N. Centre St.",
    "city": "Pottsville",
    "schedule": "Monday - Friday 8:30am - 4:30pm",
    "phone": "(570) 628-1467",
    "type": "clerk",
    "latitude": 40.6882,
    "longitude": -76.1969
  },
  {
    "state": "Pennsylvania",
    "state_abbreviation": "PA",
    "county": "Snyder County",
    "zip": 17842,
    "name": "Snyder County-County Election Office",
    "address": "9 West Market St.",
    "city": "Middleburg",
    "schedule": "Monday-Friday 8:00am-4:00 pm\n11/3 - 7am - 8pm",
    "phone": "(570) 837-4286",
    "type": "clerk",
    "latitude": 40.7917,
    "longitude": -77.0464
  },
  {
    "state": "Pennsylvania",
    "state_abbreviation": "PA",
    "county": "Somerset County",
    "zip": 15501,
    "name": "Somerset County-County Election Office",
    "address": "300 N. Center Ave., Ste. 340",
    "city": "Somerset",
    "schedule": "8:30am - 4:00pm\n11/3: 7am-8pm",
    "phone": "(814) 445-1549",
    "type": "clerk",
    "latitude": 40.0109,
    "longitude": -79.0779
  },
  {
    "state": "Pennsylvania",
    "state_abbreviation": "PA",
    "county": "Sullivan County",
    "zip": 18626,
    "name": "Sullivan County-County Election Office",
    "address": "245 Muncy Street",
    "city": "Laporte",
    "schedule": "Monday-Friday 8:30am- 4:00pm",
    "notes": "8:30am-8pm- if after 4pm, call phone number on door and they will come and get it",
    "phone": "(570) 946-5201",
    "type": "clerk",
    "latitude": 41.4237,
    "longitude": -76.4934
  },
  {
    "state": "Pennsylvania",
    "state_abbreviation": "PA",
    "county": "Susquehanna County",
    "zip": 18801,
    "name": "Susquehanna County-County Election Office",
    "address": "31 Lake Ave.",
    "city": "Montrose",
    "schedule": "Monday - Friday 8:30am - 4:30pm\n11/3- 8:30am-8pm",
    "phone": "(570) 278-4600",
    "type": "clerk",
    "latitude": 41.8342,
    "longitude": -75.8771
  },
  {
    "state": "Pennsylvania",
    "state_abbreviation": "PA",
    "county": "Tioga County",
    "zip": 16901,
    "name": "Tioga County Courthouse",
    "address": "118 Main St",
    "city": "Wellsboro",
    "schedule": "Monday - Friday 8am-4:30pm\n11/3-8am-8pm",
    "phone": "(570) 723-8230",
    "type": "dropbox",
    "latitude": 41.7474,
    "longitude": -77.3029
  },
  {
    "state": "Pennsylvania",
    "state_abbreviation": "PA",
    "county": "Union County",
    "zip": 17837,
    "name": "Union County-County Election Office",
    "address": "155 North 15th St.",
    "city": "Lewisberg",
    "schedule": "Monday - Friday 8am-4:30pm",
    "phone": "(570) 524-8681",
    "type": "clerk",
    "latitude": 40.962,
    "longitude": -76.9022
  },
  {
    "state": "Pennsylvania",
    "state_abbreviation": "PA",
    "county": "Venango County",
    "zip": 16323,
    "name": "Courthouse Annex, 2nd Floor",
    "address": "1174 Elk St",
    "city": "Franklin PA 16323",
    "schedule": "Office: M - F 8:30am-4:30pm\nDrop Box: 24/7 until 8pm on Election Day",
    "phone": "(814) 437-9514",
    "type": "dropbox",
    "latitude": 41.3984,
    "longitude": -79.826
  },
  {
    "state": "Pennsylvania",
    "state_abbreviation": "PA",
    "county": "Warren County",
    "zip": 16365,
    "name": "Warren County-County Election Office",
    "address": "204 4th Ave.",
    "city": "Warren",
    "schedule": "Monday - Friday 8:30am - 4:30pm\n11/3- 7am-8pm",
    "phone": "(814) 728-3406",
    "type": "clerk",
    "latitude": 41.8484,
    "longitude": -79.1469
  },
  {
    "state": "Pennsylvania",
    "state_abbreviation": "PA",
    "county": "Washington County",
    "zip": 15301,
    "name": "Washington County-County Election Office",
    "address": "100 W. Beau St., Suite 206",
    "city": "Washington",
    "schedule": "Monday - Friday 9am-4:30pm\n11/3- 7am-8pm, the ballot box is on 1st floor",
    "phone": "(724) 228-6750",
    "type": "clerk",
    "latitude": 40.1701,
    "longitude": -80.2472
  },
  {
    "state": "Pennsylvania",
    "state_abbreviation": "PA",
    "county": "Wayne County",
    "zip": 18431,
    "name": "Wayne County-County Election Office",
    "address": "925 Court St.",
    "city": "Honesdale",
    "schedule": "Monday - Friday 8:30am - 4:30pm",
    "phone": "(570) 253-5978",
    "type": "clerk",
    "latitude": 41.5749,
    "longitude": -75.2537
  },
  {
    "state": "Pennsylvania",
    "state_abbreviation": "PA",
    "county": "Wayne County",
    "zip": 18431,
    "name": "Wayne County-Drop Box",
    "address": "925 Court St.",
    "city": "Honesdale",
    "schedule": "11/2-3: 7am - 8pm",
    "phone": "(570) 253-5978",
    "type": "dropbox",
    "latitude": 41.5749,
    "longitude": -75.2537
  },
  {
    "state": "Pennsylvania",
    "state_abbreviation": "PA",
    "county": "Westmoreland County",
    "zip": 15601,
    "name": "Westmoreland County Courthouse, Lobby",
    "address": "2 North Main Street",
    "city": "Greensburg",
    "schedule": "Everyday 8:00am-8pm",
    "phone": "(724) 830-3150",
    "type": "dropbox",
    "latitude": 40.3027,
    "longitude": -79.5447
  },
  {
    "state": "Pennsylvania",
    "state_abbreviation": "PA",
    "county": "Wyoming County",
    "zip": 18657,
    "name": "Wyoming County-County Election Office",
    "address": "1 Courthouse Square",
    "city": "Tunkhannock",
    "schedule": "Monday - Friday 8:30am - 4:00pm\n11/3 - 7am - 7pm",
    "phone": "(570) 996-2224",
    "type": "clerk",
    "latitude": 41.5402,
    "longitude": -75.948
  },
  {
    "state": "Pennsylvania",
    "state_abbreviation": "PA",
    "county": "York County",
    "zip": 17401,
    "name": "York County Administrative Center",
    "address": "28 E Market St",
    "city": "York",
    "schedule": "Office: Mon - Fri 8am-4pm\nDrop Box:\n11/1: 1pm-4pm\n11/3: 7am-8pm",
    "phone": "(717) 771-9604",
    "type": "dropbox",
    "latitude": 39.9624,
    "longitude": -76.7265
  },
  {
    "state": "Pennsylvania",
    "state_abbreviation": "PA",
    "county": "Philadelphia County",
    "zip": 19125,
    "name": "Shissler Rec Center",
    "address": "1800 Blair St",
    "city": "Philadelphia",
    "schedule": "24/7 until 8pm on Election Day",
    "phone": "(215) 686-3469",
    "type": "dropbox",
    "latitude": 39.9776,
    "longitude": -75.1326
  },
  {
    "state": "Pennsylvania",
    "state_abbreviation": "PA",
    "county": "Philadelphia County",
    "zip": 19154,
    "name": "Chalfont Playground",
    "address": "4382 Deerpath Lane",
    "city": "Philadelphia",
    "schedule": "24/7 until 8pm on Election Day",
    "phone": "(215) 686-3469",
    "type": "dropbox",
    "latitude": 40.078,
    "longitude": -74.9733
  },
  {
    "state": "Pennsylvania",
    "state_abbreviation": "PA",
    "county": "Philadelphia County",
    "zip": 19140,
    "name": "Stenton Playground",
    "address": "4600 N 16th St",
    "city": "Philadlephia",
    "schedule": "24/7 until 8pm on Election Day",
    "phone": "(215) 686-3469",
    "type": "dropbox",
    "latitude": 40.0246,
    "longitude": -75.1522
  },
  {
    "state": "Pennsylvania",
    "state_abbreviation": "PA",
    "county": "Philadelphia County",
    "zip": 19148,
    "name": "Lincoln Financial Field, Parking Lot K",
    "address": "11th Street near Pattison Ave",
    "city": "Philadelphia",
    "schedule": "9am-5pm",
    "phone": "(215) 686-3469",
    "type": "other",
    "latitude": 39.9025,
    "longitude": -75.1692
  }
]
